"","V1","V2","V3","V4","V5","V6","V7","V8","V9","V10","V11","V12","V13","V14","V15","V16","V17","V18","V19","V20","V21","V22","V23","V24","V25","V26","V27","V28","V29","V30","V31","V32","V33","V34","V35","V36","V37","V38","V39","V40","V41","V42","V43","V44","V45","V46","V47","V48","V49","V50","V51","V52","V53","V54","V55","V56","V57","V58","V59","V60","V61","V62","V63","V64","V65","V66","V67","V68","V69","V70","V71","V72","V73","V74","V75","V76","V77","V78","V79","V80","V81","V82","V83","V84","V85","V86","V87","V88","V89","V90","V91","V92","V93","V94","V95","V96"
"1",1,1,2,1,1,2,2,1,2,1,2,1,2,1,2,2,1,1,1,2,2,1,2,1,2,2,2,2,1,1,2,1,2,2,1,2,2,1,1,2,2,2,1,1,2,1,2,2,1,1,2,1,2,1,1,2,1,1,2,2,2,1,1,2,1,1,2,2,1,2,2,1,2,2,2,2,1,2,1,1,2,2,2,1,1,1,2,1,1,2,1,1,2,2,2,2
"2",2,2,1,1,1,2,1,2,1,2,2,2,1,2,2,1,1,2,2,1,2,2,2,1,1,1,2,2,2,1,2,1,2,2,2,2,1,1,1,2,1,2,1,1,2,1,2,2,1,2,1,2,1,2,2,1,2,2,2,2,2,2,1,2,2,2,2,1,1,2,1,1,2,2,1,2,2,1,2,2,1,2,2,1,1,2,1,2,1,2,2,1,2,1,2,2
"3",2,2,1,1,2,2,1,1,1,1,2,1,1,2,2,1,1,1,1,1,2,2,2,2,2,1,1,2,2,2,2,1,1,1,1,2,2,1,1,1,1,2,1,1,1,1,2,2,2,1,1,2,1,2,2,2,2,2,1,1,2,2,1,2,1,1,2,2,2,2,2,1,1,1,1,1,2,2,1,2,1,1,2,1,2,2,2,1,2,2,1,2,2,2,2,1
"4",1,1,2,2,2,2,2,2,2,1,1,2,2,1,2,2,2,2,1,2,2,2,2,2,1,2,2,1,2,2,2,2,2,2,2,2,2,2,2,2,2,2,2,2,2,1,2,2,2,2,2,2,2,2,2,2,2,2,1,1,2,1,2,1,1,1,1,2,1,2,2,2,2,2,1,2,2,2,2,2,2,1,2,2,2,2,2,2,1,1,2,2,2,2,2,2
"5",1,1,2,2,1,2,1,2,1,2,2,1,1,2,1,2,1,1,2,1,2,2,1,2,2,1,1,1,1,1,1,1,1,2,1,2,1,2,1,1,2,1,1,2,1,1,2,1,1,1,1,1,2,2,1,2,2,1,1,2,2,1,2,2,1,1,2,1,1,1,2,2,2,1,1,2,1,2,1,1,2,1,1,1,1,1,1,2,2,2,1,1,1,2,1,2
"6",1,1,1,2,1,1,2,1,1,1,2,1,1,2,1,2,2,1,2,1,1,1,2,2,1,2,1,1,1,1,2,1,1,2,1,1,1,2,1,2,2,2,2,2,1,2,1,1,2,2,2,2,2,1,1,1,2,2,2,1,2,1,1,2,2,2,2,1,1,2,2,2,2,1,1,1,2,1,1,1,1,1,1,1,1,1,2,2,2,2,1,1,2,1,1,2
"7",1,2,1,1,1,1,2,1,2,2,1,1,2,1,2,1,1,1,2,1,2,1,2,1,2,2,2,1,2,2,1,1,1,1,1,1,1,2,1,1,2,2,1,1,1,1,1,2,1,1,1,1,1,1,2,2,1,1,1,1,1,1,1,1,2,2,2,2,2,1,2,1,2,1,2,1,1,1,2,2,1,2,1,2,1,1,1,2,1,2,1,2,2,1,1,2
"8",1,2,2,2,2,2,1,1,1,2,1,2,2,1,2,1,1,1,2,2,2,1,2,1,2,1,1,2,2,1,2,1,2,1,2,1,2,1,2,1,2,1,1,1,2,2,1,2,2,2,1,1,1,2,1,2,2,1,1,2,1,2,1,2,1,2,1,2,1,2,2,1,2,2,2,1,1,1,2,1,1,2,2,2,1,1,2,1,2,1,2,1,2,1,2,1
"9",2,1,1,2,2,1,1,1,1,2,2,1,1,2,2,2,1,1,2,2,2,2,1,1,2,1,1,2,1,2,1,1,2,1,1,1,1,2,1,1,2,2,2,2,1,2,2,1,1,1,1,2,2,1,2,1,1,2,2,1,1,1,1,1,2,1,1,2,2,1,1,2,1,2,2,2,2,2,2,1,1,1,2,1,1,2,2,1,2,2,2,1,1,2,2,2
"10",1,2,2,2,2,1,1,1,2,2,2,2,2,2,1,2,2,1,2,2,2,1,2,2,2,2,1,1,1,2,2,1,2,1,2,1,2,2,2,2,1,2,1,2,2,2,2,2,1,2,2,2,2,2,1,2,2,2,1,2,2,1,2,1,2,2,2,2,1,2,1,2,2,1,1,2,2,2,2,1,2,2,2,1,2,1,2,2,2,1,2,2,1,1,1,1
"11",2,1,2,1,2,2,1,1,2,1,2,2,1,1,1,2,1,1,1,1,2,2,1,1,1,2,2,2,1,1,2,1,2,2,2,2,2,1,1,1,2,1,1,2,2,1,2,1,2,1,1,2,2,2,2,2,2,1,1,2,1,1,1,2,2,2,2,1,1,2,2,2,2,1,1,1,1,1,2,2,2,2,1,1,1,2,1,1,2,2,1,1,2,2,1,2
"12",2,1,2,2,2,2,2,1,2,1,2,1,1,1,1,1,1,2,2,1,2,2,1,1,2,1,2,2,1,1,2,1,1,2,1,1,2,1,2,2,2,2,1,2,1,1,1,1,2,2,1,1,2,1,1,1,2,1,1,2,1,1,2,2,2,1,2,1,2,2,2,1,2,2,2,1,2,2,1,1,1,2,1,1,1,1,1,2,2,2,2,1,1,2,1,1
"13",1,2,2,1,2,1,2,1,2,2,2,1,2,1,1,1,1,2,2,2,2,2,1,2,1,1,2,1,1,2,2,2,2,2,2,1,2,2,2,1,1,2,2,1,2,1,1,1,2,1,2,1,1,2,2,1,2,1,2,1,2,2,1,2,1,1,2,1,2,2,1,2,1,2,1,2,1,2,2,2,1,1,2,1,2,1,2,1,2,2,2,1,2,1,1,2
"14",1,1,1,1,1,2,1,1,1,2,1,2,2,2,1,1,1,2,1,2,2,2,2,1,1,1,2,2,1,1,1,1,2,1,2,2,2,2,2,2,2,2,2,2,1,1,2,1,2,1,1,2,1,1,1,2,2,2,2,2,1,1,1,1,1,2,2,2,1,2,1,1,1,2,2,1,1,1,1,2,1,1,2,2,1,2,1,1,1,1,1,1,1,2,2,1
"15",1,2,1,2,2,2,1,1,1,1,2,2,1,2,1,1,1,2,1,2,1,2,1,2,1,1,2,2,1,1,2,2,2,1,1,2,1,2,2,2,1,2,1,1,2,1,2,1,1,2,2,2,1,1,2,1,2,1,1,2,1,2,1,2,1,2,1,2,2,2,1,2,1,1,1,1,1,2,2,2,1,1,2,1,2,1,1,1,1,1,1,1,2,2,1,2
"16",1,1,2,2,1,1,2,2,2,1,1,2,2,1,2,1,1,1,1,2,2,1,2,1,1,2,2,1,2,2,2,1,2,1,2,1,2,1,2,2,1,1,2,1,2,1,1,2,2,2,2,2,2,1,1,2,2,2,1,2,2,2,1,1,1,2,1,1,2,1,1,2,2,1,2,2,1,2,2,1,2,1,2,1,2,1,2,2,2,2,1,2,2,2,2,1
"17",1,2,1,2,2,1,2,2,2,1,2,1,2,1,1,2,1,1,1,1,1,2,2,1,2,2,2,2,1,1,1,2,2,2,2,2,2,2,1,1,2,2,2,1,1,1,1,2,2,1,2,1,2,1,2,2,1,1,2,1,1,2,1,2,2,1,1,1,2,1,2,1,2,1,2,2,2,1,1,2,2,1,1,1,1,2,1,2,1,2,2,2,2,2,2,2
"18",1,1,1,2,2,1,2,1,2,2,1,2,2,2,2,2,1,2,2,1,2,1,2,2,2,1,2,2,2,2,2,2,2,1,1,2,1,1,1,2,1,2,1,1,1,2,2,2,2,2,2,2,2,1,2,2,2,1,2,2,1,2,2,2,2,2,2,2,2,2,1,1,2,1,2,2,1,1,2,2,1,2,2,2,2,2,1,2,1,2,2,2,1,1,2,2
"19",1,1,2,1,2,1,1,2,2,1,2,1,1,2,2,2,2,1,2,2,1,1,2,2,2,2,1,1,1,1,2,1,1,1,1,1,2,2,1,1,1,2,1,2,1,1,1,2,2,1,2,2,1,2,1,2,2,2,2,1,2,2,2,2,1,2,1,1,2,1,1,2,1,2,1,1,1,1,1,2,2,2,2,1,2,2,1,1,1,1,2,1,2,2,2,2
"20",1,2,2,2,1,1,2,1,2,2,2,2,2,2,2,2,1,1,2,2,1,2,1,1,2,1,2,2,2,1,2,1,2,2,2,1,2,1,1,2,1,2,1,2,2,1,2,2,2,2,1,2,1,2,1,2,1,1,2,2,1,2,1,2,2,2,1,1,2,2,1,2,2,2,2,1,1,1,2,2,2,1,1,1,1,1,2,2,1,2,2,1,2,1,1,2
"21",2,1,1,1,1,2,1,1,2,1,1,2,1,1,1,2,2,2,2,2,1,1,2,1,2,2,2,1,2,1,2,2,2,2,2,2,1,1,1,1,2,1,2,1,2,2,1,2,1,1,2,2,2,1,1,2,1,1,2,2,1,1,2,1,1,2,2,2,2,1,2,2,1,1,2,1,1,2,2,2,1,1,2,1,2,2,2,2,1,2,2,2,1,2,2,2
"22",1,2,1,2,2,2,1,2,1,1,2,1,2,1,1,1,1,1,2,2,2,2,2,1,2,1,2,2,1,2,2,1,1,1,2,2,1,1,1,2,2,2,2,1,1,2,1,2,2,1,2,1,2,1,1,2,1,1,2,2,2,1,1,1,1,1,2,2,1,2,2,1,1,2,2,1,2,2,1,2,2,1,2,2,2,1,1,1,2,2,2,2,1,2,1,1
"23",1,1,1,1,2,2,2,2,1,1,1,2,2,2,1,1,2,2,2,2,1,1,1,2,1,1,2,2,2,1,2,1,2,1,1,1,2,1,2,1,2,1,2,1,2,1,2,1,2,1,1,2,2,1,1,1,1,1,1,2,2,1,2,2,2,1,1,2,1,1,2,1,1,1,1,2,1,2,1,2,1,1,2,1,2,1,1,2,1,2,1,2,1,2,1,2
"24",1,1,1,2,2,1,2,1,1,1,1,2,1,2,2,1,1,1,1,2,1,1,2,2,2,2,1,2,1,1,1,1,1,2,2,2,1,2,1,2,1,2,1,1,2,1,2,2,2,1,1,1,2,1,2,1,2,1,2,2,2,2,1,1,2,1,1,2,1,2,2,1,1,1,2,1,2,1,1,2,1,1,2,2,2,2,1,1,2,2,1,2,1,1,2,2
"25",2,2,1,2,2,2,2,2,2,1,2,1,1,2,2,2,2,2,2,1,1,2,2,2,2,1,2,2,1,2,2,2,2,2,2,2,1,2,2,1,2,2,2,2,2,1,2,1,2,2,2,2,1,1,2,2,1,1,2,1,2,1,2,1,1,2,2,2,2,2,1,1,1,2,2,1,2,1,1,2,2,1,1,2,1,2,1,2,2,1,2,2,2,1,2,1
"26",2,2,2,2,1,1,2,1,2,2,2,2,1,2,2,1,2,2,2,1,2,1,2,1,2,1,2,1,2,2,2,2,1,1,1,2,2,2,1,1,1,2,2,2,1,2,2,1,2,2,2,1,2,2,1,2,1,2,1,2,1,2,2,1,2,1,2,1,2,1,2,2,2,2,1,2,2,1,1,1,2,2,1,2,1,1,2,2,2,1,2,1,2,1,2,1
"27",2,2,2,1,2,1,2,1,2,2,1,1,2,2,1,1,2,1,1,2,2,2,2,2,2,2,2,2,2,2,2,2,2,2,1,2,1,2,2,1,1,1,2,1,1,1,2,2,2,1,1,2,1,2,1,1,2,2,1,1,1,2,2,2,2,2,1,1,1,2,1,2,1,1,2,1,2,2,1,2,2,2,1,1,2,2,2,1,1,1,2,1,2,1,2,1
"28",1,1,1,2,2,1,2,1,2,1,2,2,1,2,2,2,2,1,2,1,2,1,2,2,1,1,2,1,2,2,2,1,2,1,1,2,2,2,2,1,1,1,2,2,2,2,2,1,2,2,1,1,2,2,2,1,1,2,1,2,2,2,2,1,1,2,2,2,1,2,1,2,2,2,2,2,2,1,1,2,1,2,1,2,1,2,1,2,2,1,2,1,2,1,2,2
"29",1,2,2,2,1,1,1,1,1,1,2,2,2,2,1,1,2,2,2,2,1,1,2,1,2,1,2,1,1,1,1,2,2,2,2,2,1,2,1,1,1,1,1,1,1,2,1,1,2,2,2,1,2,2,1,1,1,1,1,2,2,1,2,1,2,2,1,2,2,1,1,1,2,1,1,1,1,2,2,1,1,1,2,2,2,1,1,2,2,1,1,2,1,2,2,2
"30",1,1,1,1,1,2,2,1,2,1,2,2,2,1,1,1,1,1,1,2,2,1,2,1,2,1,2,2,1,2,1,2,1,1,2,1,2,1,2,2,1,2,1,1,2,2,1,1,2,1,1,1,2,2,1,1,2,2,1,2,1,2,1,1,1,2,2,2,2,2,1,1,1,2,1,2,2,1,2,1,1,1,1,2,1,2,1,2,2,2,2,1,1,2,1,1
"31",2,2,1,1,1,1,1,2,2,1,1,2,1,2,1,2,1,1,2,1,2,1,2,1,2,1,1,2,2,1,1,1,2,2,1,1,2,1,1,1,2,2,1,1,1,1,1,1,2,1,1,2,2,1,1,1,2,1,1,1,1,2,1,1,2,1,1,2,1,1,1,2,1,2,1,1,1,1,2,1,1,2,2,1,1,2,2,1,1,1,1,2,2,2,1,1
"32",2,1,2,1,2,1,2,1,1,1,1,1,2,2,1,1,1,2,2,1,2,1,2,1,1,1,2,1,1,2,2,1,2,2,1,1,1,2,2,2,1,1,1,1,1,2,1,1,1,2,2,2,1,1,1,2,1,2,2,1,2,1,2,2,2,1,1,2,2,2,2,1,1,2,1,1,1,1,2,2,2,1,1,1,1,2,1,1,1,1,2,1,2,1,2,2
"33",2,2,1,2,2,1,2,2,2,2,2,2,1,2,1,2,1,2,2,2,1,2,2,2,2,2,2,1,2,2,1,2,1,2,2,2,2,2,2,2,1,2,2,1,2,2,2,2,1,2,1,1,2,2,2,2,1,2,2,2,1,2,1,2,2,2,1,2,2,2,1,2,2,2,2,2,2,2,2,1,2,2,2,2,2,1,1,2,2,2,2,2,1,2,2,2
"34",1,2,1,2,2,1,2,1,1,1,2,1,1,2,2,1,1,2,2,2,1,1,2,2,1,1,1,1,1,2,2,1,1,1,2,2,1,2,2,2,2,1,1,1,1,2,1,1,2,1,2,2,2,1,1,2,1,2,2,1,1,2,1,1,1,2,1,1,1,1,2,2,1,2,2,2,2,2,2,2,1,1,1,2,1,1,1,1,2,1,2,2,2,1,1,2
"35",2,2,2,1,2,1,2,1,2,1,2,1,1,1,2,2,2,1,1,2,1,2,1,1,1,2,1,1,1,1,1,2,2,1,2,1,1,2,2,1,1,2,2,1,1,2,1,2,1,1,2,2,1,1,2,1,1,2,1,1,2,1,1,2,1,1,2,1,1,2,1,1,1,2,1,1,2,2,1,2,2,1,2,2,1,2,1,2,2,2,1,2,1,2,1,2
"36",1,1,1,1,2,2,1,2,2,2,1,1,1,2,2,2,1,2,2,2,1,1,1,1,2,2,2,2,1,1,1,1,2,1,2,2,1,2,1,2,1,1,2,1,2,1,2,1,2,1,2,2,1,1,2,2,1,2,2,2,1,1,2,2,1,2,1,2,1,2,1,2,2,2,1,2,2,1,2,2,1,2,2,1,2,1,1,1,2,2,1,1,1,2,1,2
"37",2,1,1,2,1,2,1,2,1,2,1,2,1,2,1,2,1,2,1,2,1,2,1,2,1,2,1,2,1,2,1,2,1,2,1,2,2,2,1,2,2,2,1,2,2,2,2,2,2,2,2,2,2,2,2,2,2,2,2,2,2,2,2,2,2,2,2,2,2,2,2,2,2,2,2,2,2,1,2,1,2,1,2,1,2,1,2,1,2,1,2,1,2,2,1,2
"38",2,1,2,2,1,1,2,2,1,1,1,2,2,2,2,2,2,2,1,1,1,2,1,2,1,2,1,2,2,2,2,2,2,2,2,1,1,2,2,2,1,2,2,1,1,2,2,2,1,2,1,2,1,2,1,2,2,2,2,1,2,2,1,2,1,2,2,2,1,2,2,2,2,2,1,2,2,1,2,2,1,1,2,2,2,2,2,2,2,2,1,2,1,1,2,2
"39",1,1,2,2,2,2,2,2,2,1,2,2,2,2,2,2,2,1,2,1,2,2,2,2,2,2,2,2,2,2,2,2,2,1,1,1,2,1,1,2,1,1,1,1,1,1,1,2,1,1,1,1,2,1,1,2,1,1,1,1,2,1,1,1,1,1,2,1,2,1,2,1,2,2,1,1,1,2,1,1,2,1,1,2,1,1,2,1,1,1,1,1,1,1,1,1
"40",2,1,1,1,1,1,2,2,1,1,1,2,1,1,1,1,1,2,1,1,2,1,2,2,2,1,1,1,1,1,1,2,1,1,1,2,2,1,2,1,1,1,2,1,1,1,1,1,1,1,2,1,1,1,1,2,1,1,2,1,1,1,1,1,1,2,1,1,1,2,2,1,1,2,1,1,1,1,2,2,1,1,1,1,1,1,2,1,2,1,1,2,1,1,1,1
"41",1,2,1,1,1,2,1,2,1,1,2,2,1,2,2,2,2,2,1,2,1,2,2,1,1,2,1,2,2,1,2,2,1,1,2,2,2,1,1,1,1,2,2,2,1,2,2,2,2,2,1,2,2,2,1,2,1,2,1,1,1,1,2,1,1,2,2,2,2,1,2,1,2,1,2,2,2,1,1,2,1,2,1,2,1,2,1,1,2,2,1,1,2,1,2,2
"42",1,1,2,1,2,1,1,1,1,2,2,2,2,2,1,2,1,2,2,1,1,1,1,2,2,1,1,1,2,2,2,1,2,2,1,1,2,1,1,2,2,2,1,2,1,2,1,2,1,2,2,2,2,1,1,1,2,2,1,1,1,2,2,1,2,2,2,1,1,2,1,1,1,1,1,2,1,1,2,2,2,2,2,2,2,1,1,2,1,2,1,1,2,1,1,2
"43",2,1,2,1,2,2,2,1,2,2,2,2,2,2,1,2,1,2,2,1,1,1,2,1,2,1,1,2,1,2,2,2,1,2,1,2,2,1,1,1,1,2,1,2,1,2,1,2,1,1,2,1,2,2,2,1,2,2,1,1,2,2,2,1,1,2,2,2,1,1,1,2,2,1,1,1,2,1,1,1,2,1,2,2,2,1,1,2,2,1,1,1,1,2,1,1
"44",2,1,2,2,2,2,2,1,1,1,2,1,1,1,2,2,2,1,2,1,2,2,2,1,1,2,2,2,1,1,2,1,2,1,1,1,2,1,2,1,1,1,1,1,2,1,2,1,1,1,2,2,1,2,2,2,1,2,1,2,2,1,2,2,2,1,1,1,1,2,1,2,2,1,2,2,1,1,1,2,1,2,1,2,1,1,1,2,1,2,2,1,1,2,1,1
"45",2,2,1,1,1,2,1,2,1,1,2,2,2,1,2,1,2,1,1,2,2,1,2,2,1,1,1,2,1,1,1,2,1,1,2,2,2,1,1,1,2,2,2,1,2,1,2,2,2,2,1,1,1,2,1,2,1,2,2,2,1,1,1,2,2,2,2,2,1,2,1,2,1,2,1,1,1,1,2,1,1,1,1,2,1,2,1,2,2,2,2,2,2,1,1,1
"46",1,1,2,2,1,1,2,1,1,1,1,2,1,1,2,1,1,1,1,2,1,1,1,1,1,2,1,2,1,2,1,1,1,1,1,1,2,2,1,2,1,1,1,2,1,1,1,1,1,2,1,2,1,2,1,2,1,2,1,1,2,2,1,1,2,2,2,2,1,1,2,2,1,1,2,1,1,1,1,1,1,2,1,2,1,2,1,1,1,1,2,1,1,1,2,1
"47",2,1,2,1,2,2,1,1,1,1,2,2,2,1,2,2,1,2,1,2,1,2,2,2,1,2,2,2,1,1,2,1,1,1,1,1,1,1,2,1,2,2,2,2,1,2,2,2,1,2,1,2,1,1,1,2,1,2,1,2,2,1,1,1,2,1,1,2,2,1,2,1,1,1,1,2,1,2,2,2,2,2,2,1,2,1,2,1,2,1,2,1,2,1,2,2
"48",2,1,2,2,2,2,1,1,1,2,1,2,1,1,1,2,2,1,2,1,1,1,2,1,2,2,1,1,1,1,2,2,2,2,1,1,1,2,2,2,2,2,2,1,2,2,1,1,2,2,1,2,2,1,2,1,1,2,2,1,1,1,2,2,2,1,2,1,2,2,2,2,2,2,1,2,2,2,2,1,2,2,2,2,1,2,2,1,2,2,2,1,2,2,1,1
"49",1,1,1,1,2,2,2,1,2,1,2,2,2,1,1,1,1,2,2,2,1,1,1,2,2,1,1,2,2,2,2,2,1,2,1,1,2,2,1,1,2,2,2,2,1,1,1,1,1,1,1,1,1,1,1,2,1,1,1,1,1,2,2,2,1,2,1,2,2,1,1,1,2,1,2,1,2,1,2,1,2,1,2,1,2,2,2,1,1,1,1,2,2,2,1,1
"50",1,1,2,1,1,1,1,1,2,1,2,2,1,2,2,1,2,2,1,2,2,1,2,2,1,2,1,2,2,1,2,1,1,1,2,1,1,1,2,2,1,2,1,2,2,2,1,2,1,2,1,1,2,2,2,1,1,2,2,1,2,1,2,1,2,1,1,2,2,1,1,2,2,1,2,1,2,1,2,2,2,2,1,2,2,2,2,1,2,1,1,1,2,2,2,1
"51",2,1,1,2,2,1,2,1,2,1,2,2,2,1,1,1,1,2,2,2,1,2,2,2,2,2,2,1,1,2,2,1,2,1,2,1,1,1,2,2,1,2,1,1,2,2,2,2,2,1,1,2,2,2,2,2,2,2,1,2,1,2,2,2,2,2,2,2,2,2,2,2,2,2,2,2,1,1,1,2,1,2,2,2,2,2,2,2,2,1,2,2,2,1,1,2
"52",1,1,2,2,2,2,1,1,1,1,2,1,1,2,2,2,2,1,1,1,2,2,2,2,2,2,1,1,1,1,1,1,1,2,1,1,1,1,2,1,1,1,1,1,2,1,2,2,2,1,1,1,1,1,1,1,2,1,1,2,1,2,1,1,2,1,1,1,1,1,2,1,2,1,2,1,1,1,2,2,1,2,2,1,1,1,1,1,1,1,2,2,2,1,1,1
"53",2,1,1,1,2,1,2,1,2,2,1,2,2,1,1,1,1,1,1,1,2,2,2,2,2,1,1,2,1,1,2,2,1,2,2,2,1,1,2,2,2,1,1,2,2,1,2,2,1,2,1,1,2,1,2,1,1,2,1,2,1,1,1,1,2,1,1,2,1,2,2,1,2,1,1,2,2,1,2,1,1,1,1,1,1,2,2,1,2,1,2,1,2,2,2,2
"54",2,2,2,2,1,2,1,2,2,2,1,1,2,1,1,2,2,1,1,2,2,2,1,1,2,1,1,2,2,1,1,1,2,1,2,1,2,2,2,1,1,2,1,1,1,2,1,1,2,1,1,2,2,2,1,2,1,2,2,1,2,1,1,1,1,2,1,2,2,2,1,2,2,2,2,1,1,2,1,1,2,1,2,1,2,2,1,2,2,1,1,1,2,2,1,2
"55",2,2,1,2,2,2,1,2,2,2,2,1,2,2,2,1,2,2,2,1,2,1,2,2,2,2,2,2,1,1,2,2,2,1,1,2,2,2,2,2,2,1,2,2,2,2,2,1,2,2,2,1,2,2,2,2,1,1,1,2,2,2,2,2,1,1,1,2,2,2,2,2,2,2,1,2,2,2,2,2,1,2,2,1,1,2,2,2,2,2,2,2,2,2,2,1
"56",1,1,1,1,1,1,2,1,2,1,2,1,2,2,2,1,2,1,1,2,2,2,1,1,2,2,1,1,2,1,1,2,2,2,2,1,1,2,1,2,2,2,1,1,2,1,1,2,1,2,2,1,1,1,2,2,2,2,2,1,2,2,1,2,1,2,1,2,2,2,2,1,2,1,1,1,2,2,2,1,2,2,2,1,1,2,1,1,2,2,2,2,2,2,2,1
"57",1,1,2,1,1,2,2,1,2,1,2,2,1,2,1,2,1,2,2,1,1,2,2,2,2,2,2,1,1,1,2,1,2,1,1,2,1,2,1,1,2,1,2,1,1,2,1,2,2,1,1,2,2,2,2,1,1,2,1,2,1,2,1,2,1,2,1,2,2,1,2,2,1,2,1,2,1,2,1,2,1,2,2,1,2,1,2,1,2,2,1,2,2,1,1,2
"58",2,2,1,2,2,1,1,1,2,2,2,1,2,2,1,1,1,2,2,2,2,2,1,2,1,2,2,2,1,1,2,2,2,1,2,2,2,1,1,2,2,1,1,2,2,1,2,2,2,2,2,2,1,2,2,1,2,2,2,1,2,1,1,1,2,2,1,2,1,1,2,1,2,2,2,1,1,1,2,2,1,1,2,2,2,1,1,1,2,1,1,1,2,1,2,2
"59",2,1,1,1,1,1,1,2,2,2,1,1,1,2,1,2,2,1,1,2,2,1,1,2,1,2,2,1,1,2,1,2,2,1,2,1,1,1,2,2,1,2,2,1,2,2,1,2,1,1,1,2,1,2,1,2,2,1,2,2,1,1,2,1,2,1,1,2,1,1,2,1,1,1,2,1,2,1,1,1,1,1,1,2,2,2,2,1,1,2,2,2,1,1,2,1
"60",1,2,1,1,2,1,1,1,1,2,2,1,1,2,1,2,1,1,2,1,1,2,2,1,2,1,1,2,2,1,2,2,1,2,2,2,2,1,1,2,1,1,1,1,2,2,1,2,1,2,1,1,2,2,1,2,2,1,1,2,2,1,2,2,2,2,1,1,1,2,2,1,2,2,1,2,2,1,1,1,2,2,1,1,1,1,1,2,2,2,2,1,2,2,2,2
"61",1,1,2,2,1,2,2,2,2,2,2,2,1,1,2,1,2,1,1,2,1,1,1,2,2,2,2,1,2,2,1,2,2,2,1,1,1,1,2,1,2,1,2,1,1,2,1,1,1,1,2,2,2,2,1,2,1,2,1,1,1,1,2,2,1,2,2,2,2,1,1,2,2,1,2,2,2,2,1,1,2,1,2,2,1,1,2,1,1,1,1,2,1,1,1,1
"62",1,2,1,2,1,1,2,1,2,2,2,1,2,1,1,2,2,2,2,2,2,2,1,2,2,1,2,2,2,1,1,2,2,2,2,2,2,2,1,2,2,2,2,1,2,1,1,2,2,2,2,2,2,1,2,2,1,2,1,2,2,2,1,2,2,2,1,2,2,1,2,2,2,2,2,2,1,2,2,1,1,2,2,1,2,2,2,2,1,2,1,1,2,2,2,2
"63",2,1,1,1,1,1,1,1,2,2,1,2,1,1,2,1,2,1,1,1,2,1,1,1,1,1,1,1,1,2,1,1,1,2,1,2,1,1,1,1,2,1,2,1,1,1,1,2,2,1,1,1,1,2,1,2,1,1,2,1,1,1,1,1,2,1,1,1,1,1,2,2,2,1,1,1,1,2,1,1,1,1,1,1,2,1,1,1,1,2,2,1,1,1,1,2
"64",2,1,2,1,1,1,1,1,2,1,1,1,1,1,2,1,2,1,1,1,2,1,1,1,1,2,1,1,1,1,1,2,1,2,1,1,1,1,1,1,2,2,2,1,1,1,1,1,1,1,2,1,1,1,2,2,1,1,1,1,1,1,1,2,1,1,1,2,1,2,1,1,1,2,1,2,1,1,1,1,1,1,1,2,1,1,1,1,1,2,2,1,2,1,1,1
"65",2,1,1,1,2,2,2,1,1,2,2,2,2,1,2,1,2,2,1,1,2,2,2,1,2,2,2,2,2,1,1,2,1,2,2,1,2,2,1,1,2,2,2,2,1,2,1,1,1,1,2,2,1,2,1,2,2,2,2,1,2,2,2,2,1,2,1,2,2,2,2,1,2,2,2,2,1,1,2,2,1,2,1,2,1,2,2,1,2,1,1,2,2,1,2,1
"66",2,2,2,1,1,2,1,2,2,2,1,1,1,2,1,1,1,1,2,2,2,1,1,1,1,1,2,1,2,1,1,2,2,1,2,2,1,2,1,1,2,2,1,1,2,2,1,2,1,2,2,1,1,1,2,1,2,2,1,2,2,2,1,2,2,1,2,1,2,1,1,2,2,2,1,2,2,1,1,2,1,1,1,2,1,1,2,1,1,2,1,2,1,1,2,2
"67",2,1,2,2,1,1,1,1,2,2,1,1,1,2,2,1,1,2,1,1,2,2,2,2,1,2,2,1,2,2,1,2,2,2,1,2,1,1,1,2,1,2,2,2,2,2,2,2,2,2,2,2,2,1,2,2,1,2,1,2,1,1,1,2,1,2,2,2,2,1,2,1,1,2,1,2,2,1,2,2,2,1,1,1,2,2,2,2,1,2,2,1,2,1,1,2
"68",2,1,2,2,1,1,2,1,1,1,2,2,2,2,1,1,1,2,1,1,2,1,1,2,1,1,2,2,1,2,2,2,2,2,1,1,1,2,1,1,1,1,1,2,1,2,2,2,1,1,2,1,2,1,2,2,1,1,2,2,1,1,2,2,1,1,2,2,1,1,2,2,2,2,2,1,2,2,2,1,2,1,1,1,2,2,1,1,1,2,2,2,1,1,1,1
"69",1,1,2,2,2,1,2,2,2,2,1,1,1,1,2,2,2,2,1,1,1,1,2,2,1,2,1,2,1,1,2,1,2,2,2,1,1,2,1,1,2,2,2,1,2,2,1,2,1,2,1,2,2,2,2,1,2,1,1,2,1,2,1,2,2,2,2,1,2,1,2,2,1,1,2,2,1,1,1,1,2,2,2,1,1,1,1,2,1,1,1,1,1,2,1,2
"70",1,2,2,1,2,1,1,2,2,2,1,2,2,1,1,2,2,1,1,2,2,2,1,2,1,2,1,1,2,2,1,2,1,2,2,2,2,2,2,2,1,1,1,2,1,1,1,1,2,2,1,2,2,1,1,2,2,1,1,1,2,1,1,1,1,2,1,1,1,2,2,2,2,1,2,2,2,1,1,1,2,1,2,1,1,2,2,2,2,1,2,1,2,2,1,1
"71",2,1,1,1,1,1,2,1,1,1,1,2,2,1,1,1,1,2,1,1,1,2,2,2,1,1,1,2,1,1,1,1,2,2,2,1,2,1,1,2,2,2,1,1,1,2,1,2,1,1,2,1,1,1,1,2,1,1,1,2,2,2,1,1,1,1,2,2,1,2,2,1,1,1,1,1,1,2,1,1,2,2,2,1,1,1,1,1,2,2,2,1,1,1,2,2
"72",2,2,1,1,2,1,1,2,1,2,1,2,1,2,2,2,1,2,1,1,1,2,1,1,2,1,2,2,1,1,1,1,1,2,1,2,2,2,1,2,2,2,2,2,1,1,2,2,1,1,2,2,1,2,2,1,1,2,1,2,2,1,1,2,2,1,2,2,2,2,1,1,1,2,2,2,2,1,1,2,1,1,2,1,2,1,1,1,2,2,2,1,1,2,2,2
"73",2,1,1,1,2,1,2,1,1,1,1,2,2,1,1,1,1,1,2,2,1,1,2,2,2,2,2,2,2,2,1,2,1,2,1,1,2,1,2,2,2,1,2,1,2,2,1,2,1,2,1,1,1,1,2,1,2,1,1,2,1,2,2,1,2,1,2,1,2,1,2,1,2,2,1,2,1,2,2,2,1,2,2,2,2,2,1,1,1,1,1,1,2,2,1,1
"74",1,2,1,2,2,1,2,2,2,2,2,1,1,2,1,1,1,2,1,2,2,2,2,2,1,1,1,1,1,2,2,2,2,1,1,1,1,1,1,1,2,2,2,2,2,2,1,1,2,2,1,2,2,1,2,1,2,2,2,2,2,2,1,1,1,1,2,2,2,2,2,2,2,2,2,2,2,1,1,2,2,1,2,1,1,1,1,1,1,1,1,1,2,2,2,1
"75",1,1,2,1,2,1,2,1,1,1,2,2,1,1,2,2,1,1,2,1,2,2,2,1,2,2,1,2,1,1,1,2,1,1,2,2,1,1,1,2,2,2,1,1,1,1,1,2,2,2,2,1,2,2,2,1,2,1,2,2,1,2,2,2,2,1,2,2,1,1,2,1,2,1,2,1,2,1,2,1,2,1,2,2,2,1,2,1,2,1,2,1,2,1,2,2
"76",1,2,2,2,2,2,1,2,1,2,2,1,1,1,1,2,2,2,1,1,1,1,2,1,2,2,2,2,2,1,1,1,1,2,1,1,1,2,1,2,1,1,1,2,2,2,2,2,1,2,1,1,1,2,2,1,2,2,2,2,1,1,1,1,1,1,1,1,2,2,1,1,1,1,2,1,2,2,2,1,1,2,1,1,1,1,1,2,1,1,2,1,2,1,2,2
"77",2,1,2,2,2,2,2,2,2,2,2,2,2,2,2,2,2,2,2,2,1,1,2,2,2,2,2,2,1,2,2,2,2,2,2,2,2,1,2,1,2,2,2,2,2,2,2,1,2,2,2,2,2,1,2,2,2,2,2,1,2,2,1,2,2,2,2,2,2,2,2,2,1,2,2,2,2,1,2,2,2,2,2,2,2,2,2,2,2,2,2,2,2,1,2,2
"78",2,1,2,1,1,1,2,1,1,2,2,1,1,2,1,1,2,2,1,1,1,1,2,2,2,1,2,1,1,2,1,1,2,2,2,1,2,1,1,1,1,2,1,1,2,2,2,2,2,1,1,1,2,1,1,1,1,2,2,2,2,1,2,1,1,1,1,1,1,1,2,2,2,2,1,1,1,1,2,1,1,2,1,1,2,2,1,2,1,1,1,2,2,1,2,1
"79",1,1,1,1,1,2,1,2,1,1,1,1,1,1,2,2,1,1,1,2,1,1,1,1,1,1,1,2,1,1,1,1,1,1,2,2,1,1,2,2,1,2,1,1,1,1,1,1,1,2,1,2,1,1,2,1,1,1,1,1,1,1,2,1,1,2,1,1,1,1,1,1,1,1,1,1,2,2,1,1,2,1,1,1,2,1,1,1,2,1,1,1,1,1,2,1
"80",2,2,1,1,1,2,1,2,1,2,2,1,1,1,2,2,1,2,1,2,1,1,2,2,2,1,1,2,1,1,2,2,1,2,2,1,1,1,2,1,1,2,1,1,1,2,1,1,1,2,1,1,2,1,1,2,1,2,1,1,1,1,1,1,1,2,2,1,1,1,2,1,1,1,2,1,1,1,1,1,2,1,1,1,1,1,1,2,2,1,1,1,1,2,2,1
"81",1,2,1,2,1,2,1,2,2,1,2,2,1,1,2,1,2,2,1,1,2,1,2,2,1,2,1,1,1,1,2,2,2,1,1,1,1,1,2,2,1,1,2,2,1,2,1,1,2,1,2,1,2,2,2,1,2,1,1,1,1,2,1,1,1,2,2,2,2,1,2,1,1,1,1,1,1,2,2,2,2,2,1,2,1,1,2,2,1,2,2,1,1,2,1,2
"82",2,1,2,1,1,1,1,1,2,1,2,1,1,2,1,1,1,1,2,1,1,2,1,1,1,2,1,1,1,1,2,2,1,1,1,1,1,1,1,1,1,1,1,1,1,2,1,1,1,1,1,2,1,1,1,2,1,1,2,1,1,2,1,1,2,1,2,1,2,2,1,1,2,1,1,2,1,2,1,2,1,1,2,1,2,1,2,2,1,1,1,1,2,2,1,2
"83",2,1,1,1,1,1,2,2,1,2,2,2,2,2,2,1,2,1,2,2,2,2,1,1,1,2,1,1,2,2,2,2,2,1,2,1,1,2,2,1,1,1,1,2,1,2,2,2,2,1,1,2,2,2,2,2,2,1,2,2,2,2,2,2,2,1,2,1,2,1,2,2,2,2,2,1,1,1,1,1,1,1,1,1,1,1,1,2,2,2,1,1,1,1,2,2
"84",1,2,2,1,1,1,1,2,2,1,1,2,1,2,2,1,2,1,2,2,2,2,2,1,1,2,1,2,2,2,1,2,2,2,1,2,2,2,2,2,1,2,2,1,2,1,1,1,2,2,1,1,1,2,2,1,1,2,2,1,1,1,1,2,2,2,1,1,2,1,1,2,1,2,1,1,2,1,1,2,2,2,2,1,2,1,2,2,1,2,1,2,2,1,1,2
