"","","","","","","","","","","","","","","","","","","","","","","","","","","","","","","","","","","","","","","","","","","","","","","","","","","","","","","","","","","","","","","","","","","","","","","","","","","","","","","","","","","","","","","","","","","","","","","","","","","","","","","","","","","","","","","","","","","","","","","","","","","","","","","","","","","","","","","","","","","","","","","","","","","","","","","","","","","","","","","","","","","","","","","","","","","","","","","","","","","","","","","","","","","","","","","","","","","","","","","","","","","","","","","","","","","","","","","","","","","","","","","","","","","","","","","","","","","","","","","","","","","","","","","","","","","","","","","","","","","","","","","","","","","","","","","","","","","","","","","","","","","","","","","","","","","","","","","","","","","","","","","","","","","","","","","","","","condition"
"1",2,1,2,2,1,1,2,1,1,1,1,2,2,1,2,2,2,1,1,2,1,1,2,2,1,2,2,1,2,1,2,1,2,1,2,2,2,1,1,1,2,1,1,1,2,2,1,2,2,2,2,1,2,1,1,1,1,1,2,1,2,2,1,2,1,2,2,2,1,1,2,1,1,1,1,2,2,2,2,1,2,2,2,1,2,1,1,1,2,2,1,2,1,1,1,2,1,1,1,2,2,1,2,2,2,1,2,2,2,1,1,1,2,1,2,1,2,1,2,1,2,1,1,1,2,2,1,2,2,1,2,1,2,2,1,1,0,0,0,0,0,0,0,0,0,0,0,0,0,0,0,0,0,0,0,0,0,0,0,0,0,0,0,0,0,0,0,0,0,0,0,0,0,0,0,0,0,0,0,0,0,0,0,0,0,0,0,0,0,0,0,0,0,0,0,0,0,0,0,0,0,0,0,0,0,0,0,0,0,0,0,0,0,0,0,0,0,0,0,0,0,0,0,0,0,0,0,0,0,0,0,0,0,0,0,0,0,0,0,0,0,0,0,0,0,0,0,0,0,0,0,0,0,0,0,0,0,0,0,0,0,0,0,0,0,0,0,0,0,0,0,0,0,0,0,0,0,0,0,0,0,0,0,0,0,0,0,0,0,0,0,0,0,0,0,0,0,0,0,0,0,0,0,0,0,0,0,0,0,0,0,0,3
"2",2,1,2,1,2,2,1,1,2,1,1,1,2,2,1,2,1,2,1,2,1,2,2,1,2,1,2,2,1,1,1,2,1,1,2,1,1,2,2,2,2,2,1,1,1,2,1,2,2,2,1,1,1,2,1,2,1,2,1,2,2,2,1,1,2,2,1,1,1,2,2,1,1,2,1,2,2,1,2,1,1,2,2,1,2,1,1,2,2,1,1,1,1,2,2,2,1,2,2,2,1,2,1,1,1,1,2,2,2,1,2,1,2,1,1,2,1,2,1,2,1,2,1,1,2,2,2,1,1,2,1,2,2,1,2,1,1,2,1,1,2,1,2,2,2,2,1,2,2,1,1,1,2,1,1,2,1,2,1,2,1,2,2,2,1,1,2,1,1,1,1,2,2,2,2,1,2,1,1,1,2,2,2,1,1,1,1,2,1,2,2,2,2,1,1,1,2,2,1,2,2,2,1,1,2,1,2,1,1,1,1,2,1,2,2,2,1,2,1,1,1,2,2,2,0,0,0,0,0,0,0,0,0,0,0,0,0,0,0,0,0,0,0,0,0,0,0,0,0,0,0,0,0,0,0,0,0,0,0,0,0,0,0,0,0,0,0,0,0,0,0,0,0,0,0,0,0,0,0,0,0,0,0,0,0,0,0,0,0,0,0,0,0,0,0,0,0,0,0,0,0,0,0,0,0,0,0,0,0,0,0,0,3
"3",2,2,1,1,2,1,2,2,2,1,2,1,1,1,2,1,1,1,2,1,2,2,2,1,1,2,2,1,2,1,2,1,1,2,2,2,1,2,1,1,2,1,2,1,1,2,2,1,2,2,2,2,1,1,1,1,1,2,1,2,2,2,1,1,1,2,1,2,2,1,2,2,2,2,1,1,1,2,1,1,2,1,1,2,2,2,1,1,2,1,2,2,2,1,1,1,2,1,2,2,2,1,1,0,0,0,0,0,0,0,0,0,0,0,0,0,0,0,0,0,0,0,0,0,0,0,0,0,0,0,0,0,0,0,0,0,0,0,0,0,0,0,0,0,0,0,0,0,0,0,0,0,0,0,0,0,0,0,0,0,0,0,0,0,0,0,0,0,0,0,0,0,0,0,0,0,0,0,0,0,0,0,0,0,0,0,0,0,0,0,0,0,0,0,0,0,0,0,0,0,0,0,0,0,0,0,0,0,0,0,0,0,0,0,0,0,0,0,0,0,0,0,0,0,0,0,0,0,0,0,0,0,0,0,0,0,0,0,0,0,0,0,0,0,0,0,0,0,0,0,0,0,0,0,0,0,0,0,0,0,0,0,0,0,0,0,0,0,0,0,0,0,0,0,0,0,0,0,0,0,0,0,0,0,0,0,0,0,0,0,0,0,0,0,0,0,0,0,0,0,0,0,0,0,0,0,0,0,0,0,0,0,3
"4",2,1,2,1,2,1,2,2,2,1,1,1,2,1,2,1,2,1,1,2,2,2,1,1,2,1,1,2,2,1,1,2,1,2,1,2,1,2,1,2,2,1,1,2,2,1,1,2,1,1,2,1,2,1,1,2,2,2,2,1,1,1,2,1,1,1,2,1,2,2,2,2,1,2,1,1,2,1,1,1,2,2,2,2,2,1,2,1,1,2,2,1,1,1,2,2,1,1,2,2,1,2,1,2,1,2,2,1,1,1,2,1,1,2,2,2,1,2,1,2,0,0,0,0,0,0,0,0,0,0,0,0,0,0,0,0,0,0,0,0,0,0,0,0,0,0,0,0,0,0,0,0,0,0,0,0,0,0,0,0,0,0,0,0,0,0,0,0,0,0,0,0,0,0,0,0,0,0,0,0,0,0,0,0,0,0,0,0,0,0,0,0,0,0,0,0,0,0,0,0,0,0,0,0,0,0,0,0,0,0,0,0,0,0,0,0,0,0,0,0,0,0,0,0,0,0,0,0,0,0,0,0,0,0,0,0,0,0,0,0,0,0,0,0,0,0,0,0,0,0,0,0,0,0,0,0,0,0,0,0,0,0,0,0,0,0,0,0,0,0,0,0,0,0,0,0,0,0,0,0,0,0,0,0,0,0,0,0,0,0,0,0,0,0,0,0,0,0,0,0,0,0,0,0,0,0,0,0,0,0,0,0,4.4
"5",2,2,1,2,1,2,1,1,1,2,1,2,2,1,1,2,2,2,2,2,1,1,1,1,1,1,2,2,1,2,2,1,1,1,2,2,2,1,1,1,2,2,1,1,1,2,2,2,1,2,1,1,1,1,2,2,2,1,2,2,2,2,1,1,2,2,2,1,1,1,2,1,2,1,1,2,2,2,1,2,1,2,1,1,1,1,1,1,2,1,2,2,1,2,2,2,1,2,2,2,2,1,1,1,2,1,2,1,1,2,1,2,2,1,2,2,1,1,1,2,1,1,2,2,2,1,1,2,1,2,2,1,1,1,1,2,2,2,2,1,2,1,2,1,1,2,1,2,2,1,2,1,1,2,1,2,1,2,2,2,1,1,2,1,1,2,1,2,2,1,2,1,2,1,2,1,2,1,1,2,2,2,1,1,1,1,2,1,2,2,1,2,1,1,1,2,1,2,2,1,2,2,2,1,2,1,1,1,2,2,2,1,1,1,2,2,2,1,1,1,2,1,2,1,2,2,1,2,2,1,2,1,2,1,1,2,2,1,1,2,2,2,2,1,2,1,1,2,2,1,1,1,2,2,1,2,1,1,1,1,2,2,2,1,2,2,2,1,2,1,1,1,1,2,1,2,2,2,2,1,1,2,1,1,1,2,1,2,1,1,2,1,2,1,2,1,2,2,1,2,1,1,1,1,2,2,2,2,1,2,1,2,4.1
"6",2,1,1,1,1,1,2,2,2,2,2,1,2,1,1,2,2,1,1,2,2,2,1,1,1,2,1,1,2,1,2,1,2,2,2,1,1,2,1,2,2,1,2,2,2,1,1,1,2,1,1,2,1,2,2,2,1,1,1,2,2,2,2,1,1,1,1,2,2,2,1,1,2,1,1,1,1,1,2,1,2,2,2,2,2,2,2,1,1,2,1,2,1,1,1,2,2,1,2,2,1,1,1,1,2,2,2,1,2,1,1,2,2,1,2,2,1,1,2,1,2,2,1,2,1,1,2,1,2,2,1,1,1,1,1,2,1,1,2,1,2,2,2,2,2,1,2,2,2,1,1,2,1,1,1,2,2,1,2,2,1,1,1,1,2,1,2,2,0,0,0,0,0,0,0,0,0,0,0,0,0,0,0,0,0,0,0,0,0,0,0,0,0,0,0,0,0,0,0,0,0,0,0,0,0,0,0,0,0,0,0,0,0,0,0,0,0,0,0,0,0,0,0,0,0,0,0,0,0,0,0,0,0,0,0,0,0,0,0,0,0,0,0,0,0,0,0,0,0,0,0,0,0,0,0,0,0,0,0,0,0,0,0,0,0,0,0,0,0,0,0,0,0,0,0,0,0,0,0,0,0,0,0,0,0,0,0,0,0,0,0,0,0,0,0,0,0,0,0,0,0,0,0,0,0,0,0,0,0,0,0,0,4.1
"7",2,2,2,1,2,1,2,1,2,1,1,1,2,1,2,1,2,1,1,1,2,2,1,2,2,1,1,1,2,1,2,2,1,1,2,2,1,1,1,2,2,2,1,2,2,1,1,2,1,2,2,2,2,2,1,1,2,1,1,1,2,1,2,1,1,1,1,2,2,2,2,1,1,2,1,1,2,1,1,2,2,2,2,1,1,2,1,1,2,2,2,2,1,2,1,1,1,1,2,2,2,1,2,1,1,1,2,2,1,2,1,1,2,2,1,2,1,1,2,2,2,1,1,2,2,1,1,2,1,1,2,2,2,2,2,1,2,1,1,2,1,2,1,1,2,2,2,1,1,2,1,1,1,2,2,1,2,1,1,2,1,1,2,2,1,2,2,1,1,2,2,1,1,2,1,1,1,2,2,2,2,2,1,1,1,2,1,2,2,2,1,1,2,1,2,1,1,2,1,2,1,2,2,1,1,1,2,2,1,1,2,2,1,2,2,1,1,1,1,2,1,2,1,2,2,1,2,2,2,1,1,1,2,1,1,2,2,2,2,1,1,1,1,1,2,2,2,2,1,2,2,1,2,2,1,2,1,2,1,1,1,2,2,1,2,1,1,1,1,2,2,2,1,2,2,1,2,2,1,2,2,1,1,1,2,1,1,2,2,1,2,1,1,2,1,1,2,2,2,1,2,1,2,2,1,1,1,2,2,1,2,1,4.4
"8",2,1,1,2,2,1,2,1,2,1,1,2,2,1,1,2,2,1,2,1,2,1,1,2,2,1,2,1,2,1,1,2,2,1,1,2,1,1,2,2,1,1,2,1,1,2,2,2,0,0,0,0,0,0,0,0,0,0,0,0,0,0,0,0,0,0,0,0,0,0,0,0,0,0,0,0,0,0,0,0,0,0,0,0,0,0,0,0,0,0,0,0,0,0,0,0,0,0,0,0,0,0,0,0,0,0,0,0,0,0,0,0,0,0,0,0,0,0,0,0,0,0,0,0,0,0,0,0,0,0,0,0,0,0,0,0,0,0,0,0,0,0,0,0,0,0,0,0,0,0,0,0,0,0,0,0,0,0,0,0,0,0,0,0,0,0,0,0,0,0,0,0,0,0,0,0,0,0,0,0,0,0,0,0,0,0,0,0,0,0,0,0,0,0,0,0,0,0,0,0,0,0,0,0,0,0,0,0,0,0,0,0,0,0,0,0,0,0,0,0,0,0,0,0,0,0,0,0,0,0,0,0,0,0,0,0,0,0,0,0,0,0,0,0,0,0,0,0,0,0,0,0,0,0,0,0,0,0,0,0,0,0,0,0,0,0,0,0,0,0,0,0,0,0,0,0,0,0,0,0,0,0,0,0,0,0,0,0,0,0,0,0,0,0,0,0,0,0,0,0,0,0,0,0,0,0,0,0,0,0,0,0,4.1
"9",1,1,2,1,2,1,2,2,1,2,2,2,1,1,1,2,2,2,1,1,2,2,1,1,2,2,1,1,2,2,1,1,2,1,1,1,2,1,2,2,2,2,1,2,1,1,1,2,2,1,2,1,1,1,2,2,2,1,1,2,2,1,2,1,2,1,2,1,2,2,1,1,1,1,2,2,2,2,1,1,2,2,2,1,1,2,1,1,1,2,2,2,1,1,1,2,1,2,1,2,1,2,2,1,2,1,1,1,2,1,2,2,1,1,1,2,1,2,2,2,1,2,2,1,1,2,2,1,1,2,2,2,1,1,1,2,2,1,2,1,2,1,2,1,2,2,1,1,1,2,2,1,2,2,2,1,1,1,1,2,0,0,0,0,0,0,0,0,0,0,0,0,0,0,0,0,0,0,0,0,0,0,0,0,0,0,0,0,0,0,0,0,0,0,0,0,0,0,0,0,0,0,0,0,0,0,0,0,0,0,0,0,0,0,0,0,0,0,0,0,0,0,0,0,0,0,0,0,0,0,0,0,0,0,0,0,0,0,0,0,0,0,0,0,0,0,0,0,0,0,0,0,0,0,0,0,0,0,0,0,0,0,0,0,0,0,0,0,0,0,0,0,0,0,0,0,0,0,0,0,0,0,0,0,0,0,0,0,0,0,0,0,0,0,0,0,0,0,0,0,0,0,0,0,0,0,0,0,0,0,0,0,3
"10",1,2,1,1,1,2,2,2,1,1,1,1,2,2,2,2,2,1,1,2,1,2,1,2,2,1,2,1,1,2,2,1,2,2,1,2,1,2,1,1,1,1,2,2,1,1,2,2,1,2,1,2,1,1,2,2,2,1,1,1,1,2,2,2,2,1,2,2,1,1,1,2,2,1,1,2,2,1,1,2,1,1,1,2,2,2,2,1,1,2,1,1,2,2,2,1,2,1,2,2,1,2,1,1,2,1,1,1,2,2,2,1,1,1,1,2,2,2,2,1,1,1,1,2,2,2,2,1,2,1,1,2,2,1,1,2,1,2,2,1,2,2,1,1,2,2,1,1,1,1,2,2,2,2,1,1,2,1,2,1,1,2,1,1,2,2,1,2,2,2,2,1,1,1,1,2,1,1,1,1,2,2,2,2,2,2,2,1,2,1,1,1,1,2,2,1,1,1,2,2,2,1,2,2,2,1,1,1,2,2,2,1,1,1,1,2,1,1,2,1,2,2,1,2,1,2,2,1,2,2,1,1,2,2,1,2,1,1,2,1,0,0,0,0,0,0,0,0,0,0,0,0,0,0,0,0,0,0,0,0,0,0,0,0,0,0,0,0,0,0,0,0,0,0,0,0,0,0,0,0,0,0,0,0,0,0,0,0,0,0,0,0,0,0,0,0,0,0,0,0,0,0,0,0,0,0,0,0,0,0,0,0,3
"11",2,1,2,1,1,2,1,2,2,1,1,1,2,2,2,1,2,2,1,1,2,1,1,2,2,2,1,1,2,2,1,1,1,1,2,1,2,2,1,2,2,2,2,1,1,1,1,2,1,2,1,2,2,1,2,1,1,1,2,1,2,2,1,2,2,2,1,2,1,2,1,1,2,1,1,2,2,2,1,1,0,0,0,0,0,0,0,0,0,0,0,0,0,0,0,0,0,0,0,0,0,0,0,0,0,0,0,0,0,0,0,0,0,0,0,0,0,0,0,0,0,0,0,0,0,0,0,0,0,0,0,0,0,0,0,0,0,0,0,0,0,0,0,0,0,0,0,0,0,0,0,0,0,0,0,0,0,0,0,0,0,0,0,0,0,0,0,0,0,0,0,0,0,0,0,0,0,0,0,0,0,0,0,0,0,0,0,0,0,0,0,0,0,0,0,0,0,0,0,0,0,0,0,0,0,0,0,0,0,0,0,0,0,0,0,0,0,0,0,0,0,0,0,0,0,0,0,0,0,0,0,0,0,0,0,0,0,0,0,0,0,0,0,0,0,0,0,0,0,0,0,0,0,0,0,0,0,0,0,0,0,0,0,0,0,0,0,0,0,0,0,0,0,0,0,0,0,0,0,0,0,0,0,0,0,0,0,0,0,0,0,0,0,0,0,0,0,0,0,0,0,0,0,0,0,0,0,0,0,0,0,0,3
"12",2,1,1,2,2,1,2,1,2,2,1,1,2,1,1,2,2,2,2,1,2,1,1,1,2,1,2,2,2,1,1,1,2,2,1,2,1,1,2,1,2,1,2,1,2,1,1,2,1,2,2,1,2,1,1,2,1,1,1,2,1,2,2,2,2,1,1,2,1,2,1,2,1,2,2,2,2,1,1,1,2,1,2,1,2,1,1,2,2,1,2,2,1,1,2,1,2,1,1,2,1,2,1,2,0,0,0,0,0,0,0,0,0,0,0,0,0,0,0,0,0,0,0,0,0,0,0,0,0,0,0,0,0,0,0,0,0,0,0,0,0,0,0,0,0,0,0,0,0,0,0,0,0,0,0,0,0,0,0,0,0,0,0,0,0,0,0,0,0,0,0,0,0,0,0,0,0,0,0,0,0,0,0,0,0,0,0,0,0,0,0,0,0,0,0,0,0,0,0,0,0,0,0,0,0,0,0,0,0,0,0,0,0,0,0,0,0,0,0,0,0,0,0,0,0,0,0,0,0,0,0,0,0,0,0,0,0,0,0,0,0,0,0,0,0,0,0,0,0,0,0,0,0,0,0,0,0,0,0,0,0,0,0,0,0,0,0,0,0,0,0,0,0,0,0,0,0,0,0,0,0,0,0,0,0,0,0,0,0,0,0,0,0,0,0,0,0,0,0,0,0,0,0,0,0,0,0,0,0,0,0,0,3
"13",2,1,2,2,1,1,1,1,2,2,1,2,1,1,1,2,1,1,2,2,2,2,1,2,1,2,1,1,2,2,1,2,1,1,2,2,2,2,1,1,2,1,1,2,2,1,1,2,1,1,2,2,2,1,2,1,2,1,1,2,2,2,2,1,1,1,1,2,1,2,2,1,1,1,2,1,2,2,2,1,2,1,1,2,1,2,1,2,1,2,2,2,1,1,1,2,1,2,1,1,2,1,1,2,2,2,1,2,2,2,2,1,1,1,2,1,1,2,1,2,1,1,1,2,2,2,1,2,2,1,1,2,1,2,1,2,2,1,2,2,1,1,1,2,2,2,2,2,1,1,2,2,1,1,1,1,1,2,1,2,2,2,1,2,1,1,2,1,1,2,2,1,1,1,2,2,2,1,2,1,2,2,2,2,1,2,1,1,2,1,1,1,1,2,2,1,2,2,1,2,1,1,1,2,1,1,2,2,2,1,1,2,1,1,2,2,2,1,1,2,2,1,2,2,2,1,1,1,1,1,1,1,1,2,2,2,1,2,2,2,0,0,0,0,0,0,0,0,0,0,0,0,0,0,0,0,0,0,0,0,0,0,0,0,0,0,0,0,0,0,0,0,0,0,0,0,0,0,0,0,0,0,0,0,0,0,0,0,0,0,0,0,0,0,0,0,0,0,0,0,0,0,0,0,0,0,0,0,0,0,0,0,4.2
"14",1,2,1,1,1,2,1,2,2,1,2,2,1,2,2,2,2,1,2,1,1,1,2,1,1,1,1,1,2,2,2,2,2,2,1,1,1,1,2,2,1,2,1,1,2,1,2,2,2,1,1,2,2,1,2,2,1,2,1,1,1,1,1,2,2,1,2,2,1,2,1,2,1,1,2,1,1,1,2,2,2,2,1,2,0,0,0,0,0,0,0,0,0,0,0,0,0,0,0,0,0,0,0,0,0,0,0,0,0,0,0,0,0,0,0,0,0,0,0,0,0,0,0,0,0,0,0,0,0,0,0,0,0,0,0,0,0,0,0,0,0,0,0,0,0,0,0,0,0,0,0,0,0,0,0,0,0,0,0,0,0,0,0,0,0,0,0,0,0,0,0,0,0,0,0,0,0,0,0,0,0,0,0,0,0,0,0,0,0,0,0,0,0,0,0,0,0,0,0,0,0,0,0,0,0,0,0,0,0,0,0,0,0,0,0,0,0,0,0,0,0,0,0,0,0,0,0,0,0,0,0,0,0,0,0,0,0,0,0,0,0,0,0,0,0,0,0,0,0,0,0,0,0,0,0,0,0,0,0,0,0,0,0,0,0,0,0,0,0,0,0,0,0,0,0,0,0,0,0,0,0,0,0,0,0,0,0,0,0,0,0,0,0,0,0,0,0,0,0,0,0,0,0,0,0,0,0,0,0,0,0,0,4.2
"15",1,1,2,2,1,1,2,2,2,2,1,1,1,2,1,1,2,2,1,2,1,1,2,2,1,1,1,2,1,2,1,2,1,2,2,2,2,1,2,1,1,1,2,2,2,1,2,1,2,1,2,1,1,1,2,2,2,1,1,2,1,2,1,1,2,1,1,2,2,2,1,2,2,1,2,1,2,1,1,1,2,1,2,2,1,2,2,1,1,1,1,2,2,2,1,2,2,2,1,2,2,1,2,1,2,1,1,1,2,2,1,2,1,1,1,2,2,1,1,2,2,1,2,1,2,2,1,2,1,1,2,1,1,2,1,1,2,1,2,2,1,2,2,1,2,1,2,2,1,1,2,1,1,2,2,1,2,2,1,2,1,1,1,1,2,2,1,2,2,2,2,1,2,2,1,1,1,2,1,1,2,2,1,2,1,1,2,2,2,1,1,1,1,2,1,2,1,1,2,1,2,2,1,2,2,1,1,2,1,1,2,2,2,2,1,1,2,1,2,1,2,2,2,1,1,1,2,1,1,2,2,2,2,1,1,2,1,1,1,2,2,2,1,1,2,1,1,1,2,2,2,1,2,2,2,1,2,1,1,2,1,2,1,1,2,1,1,1,2,2,2,1,2,1,1,2,1,2,2,1,1,1,2,2,1,2,2,1,2,1,1,2,1,1,2,2,1,1,2,2,2,1,1,1,2,2,2,1,2,2,1,1,4.2
"16",1,2,2,1,1,1,2,2,2,2,1,2,1,2,1,1,1,2,2,2,1,1,1,2,1,2,2,2,1,2,1,1,1,2,2,1,2,1,2,1,2,1,1,1,1,2,2,2,1,1,2,2,2,1,1,2,1,1,1,2,2,1,2,2,2,1,2,1,1,2,1,2,1,2,1,2,1,1,2,2,2,1,1,2,1,2,2,1,1,1,2,2,1,2,2,1,2,1,2,1,2,1,2,1,1,2,1,1,2,2,1,2,2,2,1,1,1,1,2,2,1,2,1,1,1,2,2,2,2,1,2,1,1,2,2,1,1,2,1,2,1,2,2,1,2,1,1,1,2,1,2,2,1,1,1,2,2,2,2,1,2,2,1,2,1,1,1,2,1,2,2,1,1,2,1,2,2,1,1,1,2,2,2,1,2,1,2,1,2,1,2,1,1,2,2,2,1,1,1,2,1,1,2,2,2,2,1,1,1,2,1,2,1,1,2,2,2,2,1,1,1,1,2,2,1,2,2,1,1,2,1,2,1,1,2,2,2,2,1,1,1,1,2,1,1,2,2,2,1,2,2,1,1,2,2,1,2,2,1,2,1,1,1,2,1,1,2,2,1,2,1,2,1,1,1,1,2,2,2,2,1,2,1,1,2,2,2,1,2,1,2,1,2,1,2,1,2,1,1,2,1,2,1,2,1,1,2,2,2,1,1,2,3
"17",2,2,1,1,1,2,1,2,2,2,2,1,2,1,1,1,2,1,1,1,2,1,2,2,2,1,1,2,1,2,2,1,1,2,1,2,1,2,1,2,1,1,1,2,2,2,1,2,0,0,0,0,0,0,0,0,0,0,0,0,0,0,0,0,0,0,0,0,0,0,0,0,0,0,0,0,0,0,0,0,0,0,0,0,0,0,0,0,0,0,0,0,0,0,0,0,0,0,0,0,0,0,0,0,0,0,0,0,0,0,0,0,0,0,0,0,0,0,0,0,0,0,0,0,0,0,0,0,0,0,0,0,0,0,0,0,0,0,0,0,0,0,0,0,0,0,0,0,0,0,0,0,0,0,0,0,0,0,0,0,0,0,0,0,0,0,0,0,0,0,0,0,0,0,0,0,0,0,0,0,0,0,0,0,0,0,0,0,0,0,0,0,0,0,0,0,0,0,0,0,0,0,0,0,0,0,0,0,0,0,0,0,0,0,0,0,0,0,0,0,0,0,0,0,0,0,0,0,0,0,0,0,0,0,0,0,0,0,0,0,0,0,0,0,0,0,0,0,0,0,0,0,0,0,0,0,0,0,0,0,0,0,0,0,0,0,0,0,0,0,0,0,0,0,0,0,0,0,0,0,0,0,0,0,0,0,0,0,0,0,0,0,0,0,0,0,0,0,0,0,0,0,0,0,0,0,0,0,0,0,0,0,3
"18",2,1,1,2,1,2,2,2,1,1,1,2,2,2,1,1,1,2,1,1,2,1,2,2,2,1,2,1,2,1,2,1,1,1,2,2,2,1,2,1,1,2,2,1,2,2,1,1,2,2,1,1,1,1,2,1,2,2,1,2,1,1,2,2,2,2,2,1,1,1,1,2,1,2,1,2,1,2,1,1,1,2,2,2,1,2,1,1,2,2,1,2,1,1,2,2,2,2,2,1,2,1,2,1,1,1,1,2,2,1,2,1,1,1,1,2,2,1,2,2,2,2,1,1,2,1,2,1,2,2,1,1,1,1,1,2,1,2,1,2,1,2,2,2,2,1,1,2,2,1,1,2,1,2,2,1,1,2,2,1,1,2,1,1,2,2,2,1,1,1,2,2,1,2,2,2,1,1,1,2,2,2,2,2,1,1,1,2,2,1,1,1,1,1,1,1,2,1,2,2,1,2,2,2,2,1,1,2,2,2,2,1,1,2,1,1,1,2,2,2,1,2,2,1,1,1,1,2,1,1,2,1,2,1,2,2,2,1,2,1,1,1,1,2,2,2,2,1,2,1,1,2,1,1,1,1,2,2,2,1,2,2,2,1,1,2,2,1,2,2,2,1,1,2,1,1,1,1,2,1,2,1,1,2,2,1,2,2,1,2,1,2,2,1,2,1,2,2,1,1,1,1,2,1,1,1,2,2,2,2,2,1,4.3
"19",1,1,1,2,1,2,2,1,1,2,2,2,2,1,2,1,2,1,1,2,1,1,2,2,2,2,1,2,2,1,1,2,1,1,2,1,1,1,2,1,2,1,2,2,1,1,2,2,2,2,1,1,2,1,2,1,1,1,2,2,2,2,2,2,1,1,2,2,1,1,1,1,2,2,2,1,1,1,1,2,1,2,1,2,0,0,0,0,0,0,0,0,0,0,0,0,0,0,0,0,0,0,0,0,0,0,0,0,0,0,0,0,0,0,0,0,0,0,0,0,0,0,0,0,0,0,0,0,0,0,0,0,0,0,0,0,0,0,0,0,0,0,0,0,0,0,0,0,0,0,0,0,0,0,0,0,0,0,0,0,0,0,0,0,0,0,0,0,0,0,0,0,0,0,0,0,0,0,0,0,0,0,0,0,0,0,0,0,0,0,0,0,0,0,0,0,0,0,0,0,0,0,0,0,0,0,0,0,0,0,0,0,0,0,0,0,0,0,0,0,0,0,0,0,0,0,0,0,0,0,0,0,0,0,0,0,0,0,0,0,0,0,0,0,0,0,0,0,0,0,0,0,0,0,0,0,0,0,0,0,0,0,0,0,0,0,0,0,0,0,0,0,0,0,0,0,0,0,0,0,0,0,0,0,0,0,0,0,0,0,0,0,0,0,0,0,0,0,0,0,0,0,0,0,0,0,0,0,0,0,0,0,4.2
"20",1,2,2,1,2,1,1,1,2,1,2,2,2,1,1,1,2,2,2,2,1,2,1,1,2,2,1,2,1,2,1,2,2,1,1,1,2,1,2,2,1,1,2,2,1,1,2,1,2,1,1,2,2,2,1,1,1,2,1,2,1,1,2,1,1,2,1,1,2,2,2,2,1,2,2,1,2,2,1,2,1,2,1,1,0,0,0,0,0,0,0,0,0,0,0,0,0,0,0,0,0,0,0,0,0,0,0,0,0,0,0,0,0,0,0,0,0,0,0,0,0,0,0,0,0,0,0,0,0,0,0,0,0,0,0,0,0,0,0,0,0,0,0,0,0,0,0,0,0,0,0,0,0,0,0,0,0,0,0,0,0,0,0,0,0,0,0,0,0,0,0,0,0,0,0,0,0,0,0,0,0,0,0,0,0,0,0,0,0,0,0,0,0,0,0,0,0,0,0,0,0,0,0,0,0,0,0,0,0,0,0,0,0,0,0,0,0,0,0,0,0,0,0,0,0,0,0,0,0,0,0,0,0,0,0,0,0,0,0,0,0,0,0,0,0,0,0,0,0,0,0,0,0,0,0,0,0,0,0,0,0,0,0,0,0,0,0,0,0,0,0,0,0,0,0,0,0,0,0,0,0,0,0,0,0,0,0,0,0,0,0,0,0,0,0,0,0,0,0,0,0,0,0,0,0,0,0,0,0,0,0,0,3
"21",2,1,1,1,1,2,2,2,2,1,1,2,1,1,1,2,1,2,2,2,1,2,1,2,1,1,2,1,1,2,2,2,1,1,2,2,1,1,2,1,2,1,2,2,1,2,2,1,1,1,1,1,1,2,1,2,2,2,2,2,1,1,2,1,2,2,2,2,1,2,1,1,0,0,0,0,0,0,0,0,0,0,0,0,0,0,0,0,0,0,0,0,0,0,0,0,0,0,0,0,0,0,0,0,0,0,0,0,0,0,0,0,0,0,0,0,0,0,0,0,0,0,0,0,0,0,0,0,0,0,0,0,0,0,0,0,0,0,0,0,0,0,0,0,0,0,0,0,0,0,0,0,0,0,0,0,0,0,0,0,0,0,0,0,0,0,0,0,0,0,0,0,0,0,0,0,0,0,0,0,0,0,0,0,0,0,0,0,0,0,0,0,0,0,0,0,0,0,0,0,0,0,0,0,0,0,0,0,0,0,0,0,0,0,0,0,0,0,0,0,0,0,0,0,0,0,0,0,0,0,0,0,0,0,0,0,0,0,0,0,0,0,0,0,0,0,0,0,0,0,0,0,0,0,0,0,0,0,0,0,0,0,0,0,0,0,0,0,0,0,0,0,0,0,0,0,0,0,0,0,0,0,0,0,0,0,0,0,0,0,0,0,0,0,0,0,0,0,0,0,0,0,0,0,0,0,0,0,0,0,0,0,4.3
"22",2,2,1,2,1,2,1,2,1,1,1,2,2,1,2,1,2,1,1,2,2,2,1,1,1,1,2,1,1,2,1,2,2,2,2,1,2,2,1,1,2,2,1,1,2,2,1,1,2,1,2,2,2,1,1,1,2,2,1,1,1,2,1,2,1,2,1,2,2,1,1,2,0,0,0,0,0,0,0,0,0,0,0,0,0,0,0,0,0,0,0,0,0,0,0,0,0,0,0,0,0,0,0,0,0,0,0,0,0,0,0,0,0,0,0,0,0,0,0,0,0,0,0,0,0,0,0,0,0,0,0,0,0,0,0,0,0,0,0,0,0,0,0,0,0,0,0,0,0,0,0,0,0,0,0,0,0,0,0,0,0,0,0,0,0,0,0,0,0,0,0,0,0,0,0,0,0,0,0,0,0,0,0,0,0,0,0,0,0,0,0,0,0,0,0,0,0,0,0,0,0,0,0,0,0,0,0,0,0,0,0,0,0,0,0,0,0,0,0,0,0,0,0,0,0,0,0,0,0,0,0,0,0,0,0,0,0,0,0,0,0,0,0,0,0,0,0,0,0,0,0,0,0,0,0,0,0,0,0,0,0,0,0,0,0,0,0,0,0,0,0,0,0,0,0,0,0,0,0,0,0,0,0,0,0,0,0,0,0,0,0,0,0,0,0,0,0,0,0,0,0,0,0,0,0,0,0,0,0,0,0,0,4.1
"23",1,2,2,1,2,1,2,2,1,1,2,1,1,1,1,1,2,2,2,2,2,2,1,1,1,2,1,2,2,1,2,1,2,2,1,1,2,2,2,2,1,2,1,1,1,1,2,1,2,1,1,2,2,1,1,2,2,1,2,1,2,1,2,2,2,1,1,2,1,2,1,1,2,2,1,2,1,2,2,1,1,1,2,1,2,1,1,1,1,1,2,1,2,2,2,2,1,2,2,1,2,1,2,2,1,2,1,1,2,1,2,1,1,1,1,2,2,2,2,1,1,2,2,2,1,1,2,2,1,1,1,2,1,2,2,1,1,2,1,2,1,1,2,2,1,2,2,1,1,2,1,2,1,1,2,2,2,1,2,1,2,2,1,2,2,1,1,1,2,2,1,1,2,2,1,1,2,1,1,2,1,2,1,2,1,1,1,2,2,2,2,1,2,1,1,1,2,2,2,2,2,1,1,1,2,2,2,1,2,2,2,1,1,1,1,1,2,1,1,1,1,2,2,2,2,1,1,2,2,2,2,1,1,1,1,1,1,2,2,2,2,1,2,1,2,1,1,1,2,1,2,2,1,2,1,2,1,2,2,2,1,1,1,2,1,2,2,1,2,1,2,2,1,2,1,1,2,2,1,1,1,2,2,1,2,2,1,1,1,2,1,2,2,1,1,2,2,1,2,1,1,2,1,2,2,1,2,1,2,1,1,2,4.3
"24",2,2,1,1,2,2,1,1,2,1,2,1,2,1,2,1,2,1,1,1,2,2,2,1,2,2,1,2,1,1,1,1,1,2,2,2,1,1,2,1,2,1,1,2,2,2,2,1,2,1,2,1,2,1,1,2,2,2,1,1,1,2,1,2,2,2,2,1,1,2,1,1,2,2,2,1,1,2,1,2,1,1,1,2,1,1,1,1,1,2,2,1,2,2,2,2,1,2,1,2,1,1,2,2,2,2,1,1,1,2,2,2,2,1,2,1,1,2,1,1,1,1,1,2,2,2,1,2,1,1,2,2,2,1,2,1,2,2,1,1,1,2,1,2,2,1,1,2,2,2,1,1,1,2,1,2,2,1,1,1,2,1,1,1,2,2,2,2,2,2,1,2,2,1,2,1,1,1,2,1,1,2,2,2,2,1,2,1,2,1,1,1,0,0,0,0,0,0,0,0,0,0,0,0,0,0,0,0,0,0,0,0,0,0,0,0,0,0,0,0,0,0,0,0,0,0,0,0,0,0,0,0,0,0,0,0,0,0,0,0,0,0,0,0,0,0,0,0,0,0,0,0,0,0,0,0,0,0,0,0,0,0,0,0,0,0,0,0,0,0,0,0,0,0,0,0,0,0,0,0,0,0,0,0,0,0,0,0,0,0,0,0,0,0,0,0,0,0,0,0,0,0,0,0,0,0,0,0,0,0,0,0,4.4
"25",2,1,1,2,2,2,1,1,2,2,1,1,1,2,2,2,1,1,2,1,2,2,1,1,2,1,1,2,2,2,2,1,1,1,1,2,1,2,1,1,2,2,2,1,2,1,1,2,1,1,1,2,2,2,1,2,2,2,1,1,1,2,2,2,1,2,1,1,1,2,2,1,2,1,2,1,2,2,1,1,2,1,2,1,1,1,2,2,1,2,2,2,1,1,2,1,1,2,2,1,2,1,2,1,1,2,1,2,1,2,1,2,1,2,2,2,1,2,1,1,1,2,2,2,1,1,1,1,2,1,2,2,1,1,2,2,1,2,2,1,1,2,2,1,2,1,2,2,1,2,1,1,2,1,1,2,2,1,1,1,2,1,2,1,2,2,1,2,2,1,2,2,2,1,1,1,1,1,2,2,2,1,1,2,1,1,2,2,2,2,1,1,1,1,1,2,2,1,2,1,2,2,2,1,2,2,1,1,2,2,1,1,1,2,1,2,1,1,1,2,2,2,1,2,1,2,2,1,1,2,2,2,1,2,1,2,1,1,2,1,0,0,0,0,0,0,0,0,0,0,0,0,0,0,0,0,0,0,0,0,0,0,0,0,0,0,0,0,0,0,0,0,0,0,0,0,0,0,0,0,0,0,0,0,0,0,0,0,0,0,0,0,0,0,0,0,0,0,0,0,0,0,0,0,0,0,0,0,0,0,0,0,4.4
"26",2,1,2,1,1,2,2,1,1,1,2,2,1,1,1,1,2,2,2,2,1,1,2,2,2,1,2,1,1,2,1,2,1,2,1,2,1,2,2,2,2,1,1,1,1,2,2,1,1,2,1,1,1,1,2,2,2,2,2,1,1,1,2,1,1,2,1,2,2,1,2,2,2,2,1,2,1,1,2,1,1,1,2,2,2,1,2,1,1,2,2,1,1,2,1,2,2,1,2,1,1,2,2,2,1,1,2,1,1,1,2,2,1,1,1,2,2,2,2,1,2,1,2,1,1,2,2,2,1,2,1,1,1,1,2,2,1,1,1,2,2,2,1,2,2,2,1,2,1,2,2,1,2,1,1,1,2,1,2,1,1,1,1,2,2,1,2,2,1,1,1,2,2,2,1,1,2,1,2,2,2,1,1,1,2,2,2,1,1,1,2,2,1,2,2,2,1,2,2,1,1,1,2,1,2,2,1,1,1,2,1,1,1,2,2,2,1,1,2,2,1,2,2,2,1,1,1,2,1,1,1,1,2,2,2,1,1,2,2,2,0,0,0,0,0,0,0,0,0,0,0,0,0,0,0,0,0,0,0,0,0,0,0,0,0,0,0,0,0,0,0,0,0,0,0,0,0,0,0,0,0,0,0,0,0,0,0,0,0,0,0,0,0,0,0,0,0,0,0,0,0,0,0,0,0,0,0,0,0,0,0,0,4.1
"27",2,2,1,1,1,2,1,2,1,2,2,1,2,2,1,2,2,1,2,1,1,1,1,2,2,1,1,2,2,1,2,1,1,2,2,1,1,2,2,1,1,2,2,1,1,2,1,2,2,1,1,1,1,2,1,2,2,2,2,1,2,2,2,2,1,1,2,1,2,1,1,1,2,1,1,2,1,2,2,2,1,2,1,1,1,1,2,1,2,1,2,1,2,1,2,2,2,2,2,1,1,1,2,1,1,2,2,1,1,2,1,2,2,1,2,1,1,2,1,2,1,2,2,1,1,2,2,1,2,1,1,2,2,1,2,1,1,2,1,1,2,1,2,2,2,1,1,2,1,2,1,2,1,2,1,2,2,1,2,1,2,2,1,1,1,2,1,2,1,2,2,1,2,1,1,2,1,2,1,2,1,1,2,1,1,1,2,1,2,2,2,2,2,1,2,2,1,2,2,2,1,1,1,1,2,2,1,2,1,1,2,1,2,1,1,2,1,2,2,1,1,2,2,1,2,1,2,1,1,2,1,1,2,2,2,1,1,2,1,2,1,2,2,1,1,2,2,2,1,1,2,1,2,1,1,2,2,1,1,1,2,2,2,1,2,1,2,1,1,2,1,1,1,2,2,2,0,0,0,0,0,0,0,0,0,0,0,0,0,0,0,0,0,0,0,0,0,0,0,0,0,0,0,0,0,0,0,0,0,0,0,0,4.2
"28",2,1,1,2,2,1,1,1,2,2,1,2,1,2,2,1,2,1,2,1,1,2,2,1,2,2,1,1,1,2,2,2,1,1,2,1,2,1,2,1,1,1,1,2,2,2,2,1,2,1,2,2,1,1,2,1,1,2,2,1,2,2,2,2,1,2,1,1,1,2,1,1,2,2,2,1,1,2,2,1,2,1,1,1,1,1,1,2,1,2,1,1,2,2,2,2,0,0,0,0,0,0,0,0,0,0,0,0,0,0,0,0,0,0,0,0,0,0,0,0,0,0,0,0,0,0,0,0,0,0,0,0,0,0,0,0,0,0,0,0,0,0,0,0,0,0,0,0,0,0,0,0,0,0,0,0,0,0,0,0,0,0,0,0,0,0,0,0,0,0,0,0,0,0,0,0,0,0,0,0,0,0,0,0,0,0,0,0,0,0,0,0,0,0,0,0,0,0,0,0,0,0,0,0,0,0,0,0,0,0,0,0,0,0,0,0,0,0,0,0,0,0,0,0,0,0,0,0,0,0,0,0,0,0,0,0,0,0,0,0,0,0,0,0,0,0,0,0,0,0,0,0,0,0,0,0,0,0,0,0,0,0,0,0,0,0,0,0,0,0,0,0,0,0,0,0,0,0,0,0,0,0,0,0,0,0,0,0,0,0,0,0,0,0,0,0,0,0,0,0,0,0,0,0,0,0,0,0,0,0,0,0,4.3
"29",1,2,2,1,2,2,2,1,1,1,2,1,2,1,1,2,1,1,1,2,2,2,1,2,2,1,2,1,1,2,1,2,1,2,1,2,2,1,2,1,1,2,2,1,1,1,2,2,2,2,2,1,2,1,1,2,1,1,2,1,2,1,2,1,1,2,2,1,1,2,1,2,1,2,2,1,1,1,1,2,2,2,2,1,2,1,1,1,1,2,1,2,2,1,2,2,1,1,1,2,2,1,1,2,2,1,2,2,2,2,2,2,1,1,2,1,1,1,1,2,2,1,1,1,2,1,2,2,2,1,1,2,2,2,1,2,1,1,2,1,1,1,2,2,2,1,2,2,2,2,1,2,1,1,1,1,1,2,1,1,1,1,2,2,1,2,2,2,0,0,0,0,0,0,0,0,0,0,0,0,0,0,0,0,0,0,0,0,0,0,0,0,0,0,0,0,0,0,0,0,0,0,0,0,0,0,0,0,0,0,0,0,0,0,0,0,0,0,0,0,0,0,0,0,0,0,0,0,0,0,0,0,0,0,0,0,0,0,0,0,0,0,0,0,0,0,0,0,0,0,0,0,0,0,0,0,0,0,0,0,0,0,0,0,0,0,0,0,0,0,0,0,0,0,0,0,0,0,0,0,0,0,0,0,0,0,0,0,0,0,0,0,0,0,0,0,0,0,0,0,0,0,0,0,0,0,0,0,0,0,0,0,4.4
"30",1,2,1,2,2,2,1,2,2,1,1,1,1,1,2,2,2,2,2,1,1,1,1,2,1,1,1,2,1,1,1,2,2,2,2,2,2,2,1,2,1,1,2,2,1,1,1,2,2,1,1,1,1,2,2,2,1,2,2,1,1,2,1,1,1,2,2,2,2,1,1,2,2,1,1,1,1,2,2,1,2,2,1,2,1,1,2,2,1,2,2,2,1,2,1,1,0,0,0,0,0,0,0,0,0,0,0,0,0,0,0,0,0,0,0,0,0,0,0,0,0,0,0,0,0,0,0,0,0,0,0,0,0,0,0,0,0,0,0,0,0,0,0,0,0,0,0,0,0,0,0,0,0,0,0,0,0,0,0,0,0,0,0,0,0,0,0,0,0,0,0,0,0,0,0,0,0,0,0,0,0,0,0,0,0,0,0,0,0,0,0,0,0,0,0,0,0,0,0,0,0,0,0,0,0,0,0,0,0,0,0,0,0,0,0,0,0,0,0,0,0,0,0,0,0,0,0,0,0,0,0,0,0,0,0,0,0,0,0,0,0,0,0,0,0,0,0,0,0,0,0,0,0,0,0,0,0,0,0,0,0,0,0,0,0,0,0,0,0,0,0,0,0,0,0,0,0,0,0,0,0,0,0,0,0,0,0,0,0,0,0,0,0,0,0,0,0,0,0,0,0,0,0,0,0,0,0,0,0,0,0,0,4.2
"31",2,1,2,2,1,1,2,2,1,2,1,1,2,1,1,2,1,1,2,1,1,2,2,2,1,2,2,2,1,2,2,1,2,1,1,1,2,1,2,1,1,2,1,2,2,1,2,1,0,0,0,0,0,0,0,0,0,0,0,0,0,0,0,0,0,0,0,0,0,0,0,0,0,0,0,0,0,0,0,0,0,0,0,0,0,0,0,0,0,0,0,0,0,0,0,0,0,0,0,0,0,0,0,0,0,0,0,0,0,0,0,0,0,0,0,0,0,0,0,0,0,0,0,0,0,0,0,0,0,0,0,0,0,0,0,0,0,0,0,0,0,0,0,0,0,0,0,0,0,0,0,0,0,0,0,0,0,0,0,0,0,0,0,0,0,0,0,0,0,0,0,0,0,0,0,0,0,0,0,0,0,0,0,0,0,0,0,0,0,0,0,0,0,0,0,0,0,0,0,0,0,0,0,0,0,0,0,0,0,0,0,0,0,0,0,0,0,0,0,0,0,0,0,0,0,0,0,0,0,0,0,0,0,0,0,0,0,0,0,0,0,0,0,0,0,0,0,0,0,0,0,0,0,0,0,0,0,0,0,0,0,0,0,0,0,0,0,0,0,0,0,0,0,0,0,0,0,0,0,0,0,0,0,0,0,0,0,0,0,0,0,0,0,0,0,0,0,0,0,0,0,0,0,0,0,0,0,0,0,0,0,0,4.3
"32",1,1,2,1,2,1,2,2,2,2,1,1,2,1,2,1,1,2,2,2,1,2,1,1,2,1,1,1,1,2,2,1,1,2,2,2,2,1,2,1,2,1,2,2,1,2,1,1,0,0,0,0,0,0,0,0,0,0,0,0,0,0,0,0,0,0,0,0,0,0,0,0,0,0,0,0,0,0,0,0,0,0,0,0,0,0,0,0,0,0,0,0,0,0,0,0,0,0,0,0,0,0,0,0,0,0,0,0,0,0,0,0,0,0,0,0,0,0,0,0,0,0,0,0,0,0,0,0,0,0,0,0,0,0,0,0,0,0,0,0,0,0,0,0,0,0,0,0,0,0,0,0,0,0,0,0,0,0,0,0,0,0,0,0,0,0,0,0,0,0,0,0,0,0,0,0,0,0,0,0,0,0,0,0,0,0,0,0,0,0,0,0,0,0,0,0,0,0,0,0,0,0,0,0,0,0,0,0,0,0,0,0,0,0,0,0,0,0,0,0,0,0,0,0,0,0,0,0,0,0,0,0,0,0,0,0,0,0,0,0,0,0,0,0,0,0,0,0,0,0,0,0,0,0,0,0,0,0,0,0,0,0,0,0,0,0,0,0,0,0,0,0,0,0,0,0,0,0,0,0,0,0,0,0,0,0,0,0,0,0,0,0,0,0,0,0,0,0,0,0,0,0,0,0,0,0,0,0,0,0,0,0,4.3
"33",2,2,2,2,1,1,1,1,1,1,2,2,1,2,1,2,1,2,1,1,2,2,1,2,1,1,1,2,2,1,2,2,2,1,2,1,2,1,1,2,1,2,2,2,1,1,1,2,1,1,2,1,2,2,1,2,1,2,1,2,1,2,2,1,2,1,1,1,2,2,2,1,1,1,2,2,1,1,2,2,1,1,1,2,2,1,2,2,2,2,1,1,1,2,1,2,1,2,1,2,2,1,2,2,1,1,1,2,2,1,2,1,1,1,2,2,1,2,2,2,1,2,1,1,2,1,2,1,2,1,1,2,1,1,1,2,2,2,2,2,1,1,2,1,2,1,1,1,2,2,2,2,1,1,1,1,2,2,2,1,2,2,2,1,1,2,2,1,1,2,2,2,2,1,1,2,2,2,1,1,1,2,1,2,1,1,1,2,2,2,1,2,1,2,2,1,1,1,2,1,2,2,1,1,1,2,2,2,2,2,1,1,2,1,1,0,0,0,0,0,0,0,0,0,0,0,0,0,0,0,0,0,0,0,0,0,0,0,0,0,0,0,0,0,0,0,0,0,0,0,0,0,0,0,0,0,0,0,0,0,0,0,0,0,0,0,0,0,0,0,0,0,0,0,0,0,0,0,0,0,0,0,0,0,0,0,0,0,0,0,0,0,0,0,0,0,0,0,0,0,0,0,0,0,0,0,0,0,0,0,0,0,3
"34",1,2,2,1,1,2,1,2,2,1,2,1,2,1,2,1,2,1,1,1,2,2,1,2,2,1,2,2,2,1,1,1,2,1,2,1,1,2,1,2,2,1,2,2,1,1,1,2,1,1,1,2,2,1,2,2,2,1,1,2,2,1,1,2,1,2,1,2,2,2,1,1,2,2,2,1,1,2,1,1,1,2,2,1,1,1,2,2,2,1,1,1,2,2,1,2,2,1,1,2,2,2,1,1,2,1,2,1,2,1,2,1,1,2,2,1,2,2,1,1,1,1,2,1,2,2,2,1,2,1,1,2,1,1,2,2,1,1,2,2,2,2,1,1,0,0,0,0,0,0,0,0,0,0,0,0,0,0,0,0,0,0,0,0,0,0,0,0,0,0,0,0,0,0,0,0,0,0,0,0,0,0,0,0,0,0,0,0,0,0,0,0,0,0,0,0,0,0,0,0,0,0,0,0,0,0,0,0,0,0,0,0,0,0,0,0,0,0,0,0,0,0,0,0,0,0,0,0,0,0,0,0,0,0,0,0,0,0,0,0,0,0,0,0,0,0,0,0,0,0,0,0,0,0,0,0,0,0,0,0,0,0,0,0,0,0,0,0,0,0,0,0,0,0,0,0,0,0,0,0,0,0,0,0,0,0,0,0,0,0,0,0,0,0,0,0,0,0,0,0,0,0,0,0,0,0,0,0,0,0,0,0,3
"35",2,2,2,1,2,1,1,1,2,1,1,2,1,1,2,2,2,2,1,2,1,1,2,1,1,2,2,1,1,1,2,2,2,1,2,1,1,2,1,2,1,1,1,2,2,1,2,2,2,1,1,2,1,1,2,2,1,2,2,2,1,2,1,1,1,2,2,1,2,1,1,2,1,2,1,1,1,2,2,2,2,2,1,1,1,2,2,1,2,1,2,1,2,1,1,2,2,2,1,1,1,2,2,1,0,0,0,0,0,0,0,0,0,0,0,0,0,0,0,0,0,0,0,0,0,0,0,0,0,0,0,0,0,0,0,0,0,0,0,0,0,0,0,0,0,0,0,0,0,0,0,0,0,0,0,0,0,0,0,0,0,0,0,0,0,0,0,0,0,0,0,0,0,0,0,0,0,0,0,0,0,0,0,0,0,0,0,0,0,0,0,0,0,0,0,0,0,0,0,0,0,0,0,0,0,0,0,0,0,0,0,0,0,0,0,0,0,0,0,0,0,0,0,0,0,0,0,0,0,0,0,0,0,0,0,0,0,0,0,0,0,0,0,0,0,0,0,0,0,0,0,0,0,0,0,0,0,0,0,0,0,0,0,0,0,0,0,0,0,0,0,0,0,0,0,0,0,0,0,0,0,0,0,0,0,0,0,0,0,0,0,0,0,0,0,0,0,0,0,0,0,0,0,0,0,0,0,0,0,0,0,0,3
"36",1,2,1,1,2,2,2,1,2,2,1,2,1,2,1,1,2,2,1,2,1,2,1,1,2,1,2,2,1,1,1,2,2,1,2,1,2,1,2,1,1,2,1,1,1,2,2,2,2,1,2,1,1,1,2,2,2,1,1,2,1,2,2,1,2,1,1,2,2,2,1,1,1,2,1,2,2,1,1,2,1,2,2,1,1,1,2,2,2,2,2,1,2,1,1,1,1,1,1,2,1,2,2,2,2,2,1,2,1,1,2,1,2,2,2,2,1,1,1,1,1,2,1,2,2,1,2,1,2,1,1,1,2,1,2,2,2,2,1,2,1,1,1,2,2,2,1,2,1,1,2,1,1,2,2,2,1,2,1,1,2,2,1,1,2,2,1,1,2,2,2,2,1,1,1,1,0,0,0,0,0,0,0,0,0,0,0,0,0,0,0,0,0,0,0,0,0,0,0,0,0,0,0,0,0,0,0,0,0,0,0,0,0,0,0,0,0,0,0,0,0,0,0,0,0,0,0,0,0,0,0,0,0,0,0,0,0,0,0,0,0,0,0,0,0,0,0,0,0,0,0,0,0,0,0,0,0,0,0,0,0,0,0,0,0,0,0,0,0,0,0,0,0,0,0,0,0,0,0,0,0,0,0,0,0,0,0,0,0,0,0,0,0,0,0,0,0,0,0,0,0,0,0,0,0,0,0,0,0,0,0,0,3
"37",1,2,1,1,1,2,1,2,2,1,2,2,1,2,1,1,2,1,2,1,1,2,2,2,1,1,2,1,1,2,1,2,1,2,2,2,1,1,2,1,2,2,1,1,2,2,1,2,0,0,0,0,0,0,0,0,0,0,0,0,0,0,0,0,0,0,0,0,0,0,0,0,0,0,0,0,0,0,0,0,0,0,0,0,0,0,0,0,0,0,0,0,0,0,0,0,0,0,0,0,0,0,0,0,0,0,0,0,0,0,0,0,0,0,0,0,0,0,0,0,0,0,0,0,0,0,0,0,0,0,0,0,0,0,0,0,0,0,0,0,0,0,0,0,0,0,0,0,0,0,0,0,0,0,0,0,0,0,0,0,0,0,0,0,0,0,0,0,0,0,0,0,0,0,0,0,0,0,0,0,0,0,0,0,0,0,0,0,0,0,0,0,0,0,0,0,0,0,0,0,0,0,0,0,0,0,0,0,0,0,0,0,0,0,0,0,0,0,0,0,0,0,0,0,0,0,0,0,0,0,0,0,0,0,0,0,0,0,0,0,0,0,0,0,0,0,0,0,0,0,0,0,0,0,0,0,0,0,0,0,0,0,0,0,0,0,0,0,0,0,0,0,0,0,0,0,0,0,0,0,0,0,0,0,0,0,0,0,0,0,0,0,0,0,0,0,0,0,0,0,0,0,0,0,0,0,0,0,0,0,0,0,4.1
"38",1,1,2,1,2,1,2,2,2,2,1,1,1,2,1,1,2,1,1,2,2,2,2,1,1,2,1,2,1,2,2,1,1,2,1,2,2,1,2,2,2,2,1,1,1,1,1,2,0,0,0,0,0,0,0,0,0,0,0,0,0,0,0,0,0,0,0,0,0,0,0,0,0,0,0,0,0,0,0,0,0,0,0,0,0,0,0,0,0,0,0,0,0,0,0,0,0,0,0,0,0,0,0,0,0,0,0,0,0,0,0,0,0,0,0,0,0,0,0,0,0,0,0,0,0,0,0,0,0,0,0,0,0,0,0,0,0,0,0,0,0,0,0,0,0,0,0,0,0,0,0,0,0,0,0,0,0,0,0,0,0,0,0,0,0,0,0,0,0,0,0,0,0,0,0,0,0,0,0,0,0,0,0,0,0,0,0,0,0,0,0,0,0,0,0,0,0,0,0,0,0,0,0,0,0,0,0,0,0,0,0,0,0,0,0,0,0,0,0,0,0,0,0,0,0,0,0,0,0,0,0,0,0,0,0,0,0,0,0,0,0,0,0,0,0,0,0,0,0,0,0,0,0,0,0,0,0,0,0,0,0,0,0,0,0,0,0,0,0,0,0,0,0,0,0,0,0,0,0,0,0,0,0,0,0,0,0,0,0,0,0,0,0,0,0,0,0,0,0,0,0,0,0,0,0,0,0,0,0,0,0,0,4.3
"39",2,2,1,1,2,1,2,2,1,2,1,1,2,2,1,2,1,2,1,2,2,1,1,1,2,1,1,2,2,1,2,1,2,1,2,1,1,2,2,1,2,2,1,2,1,1,1,2,1,1,1,2,1,2,2,2,2,2,1,1,2,1,2,2,1,2,1,1,1,2,2,1,1,1,1,2,2,2,1,1,2,2,1,2,1,1,2,1,1,1,2,2,2,2,1,2,1,2,2,2,1,1,2,1,2,1,2,1,1,2,1,2,2,2,2,1,2,1,1,1,1,1,1,2,2,2,1,2,1,2,2,1,1,1,1,2,1,2,2,1,2,2,2,1,1,1,2,1,2,1,1,1,2,2,2,2,2,2,2,2,1,1,2,1,1,1,2,1,1,2,2,2,1,2,1,1,1,2,2,1,2,1,2,2,1,2,2,1,1,1,2,1,2,1,2,1,2,1,1,2,1,2,1,2,2,1,2,2,2,2,1,2,1,1,1,1,2,2,2,1,1,1,1,2,2,2,1,1,1,2,1,1,2,2,2,1,2,1,1,2,1,2,1,2,2,1,2,1,2,2,1,1,1,2,2,1,1,2,2,1,1,1,2,2,2,1,2,2,1,1,2,1,2,1,1,2,2,1,1,1,1,2,1,1,2,2,2,2,1,1,2,2,1,2,1,1,2,2,1,2,1,2,2,2,1,2,1,1,1,2,2,1,4.2
"40",1,1,1,1,2,2,2,1,2,2,1,2,1,1,2,1,2,2,2,1,1,1,2,2,1,2,1,2,1,1,2,1,2,2,2,1,2,2,1,1,2,1,2,1,1,1,2,2,1,2,1,2,2,2,2,1,1,1,2,1,2,1,1,1,1,1,2,2,2,2,1,2,2,1,2,1,2,2,2,1,1,2,1,1,1,1,2,2,2,1,2,1,2,2,1,1,2,1,2,1,2,1,2,2,2,1,1,1,1,1,1,1,2,2,1,2,2,2,1,2,2,1,1,2,2,1,1,2,2,1,1,2,1,2,2,1,2,1,2,1,1,1,2,2,2,2,1,1,2,1,1,2,1,2,1,2,1,1,2,2,1,2,1,1,1,2,2,2,2,2,2,2,2,1,2,1,1,1,1,1,2,2,1,1,1,2,1,1,2,2,2,1,1,2,1,1,1,2,1,2,2,2,2,1,0,0,0,0,0,0,0,0,0,0,0,0,0,0,0,0,0,0,0,0,0,0,0,0,0,0,0,0,0,0,0,0,0,0,0,0,0,0,0,0,0,0,0,0,0,0,0,0,0,0,0,0,0,0,0,0,0,0,0,0,0,0,0,0,0,0,0,0,0,0,0,0,0,0,0,0,0,0,0,0,0,0,0,0,0,0,0,0,0,0,0,0,0,0,0,0,0,0,0,0,0,0,0,0,0,0,0,0,4.1
"41",2,1,1,2,1,2,2,1,2,2,1,1,1,2,1,1,1,2,2,2,2,1,2,1,2,2,1,2,1,1,1,1,2,2,1,2,1,2,1,1,2,2,2,1,2,2,1,1,1,1,2,1,2,2,2,1,2,1,2,1,1,2,1,2,1,2,2,1,2,1,1,2,1,1,1,1,2,2,1,2,2,1,2,2,2,1,2,2,1,2,2,1,1,2,1,1,1,1,2,2,2,2,2,2,1,1,1,1,1,2,2,1,2,2,2,1,1,2,1,1,1,2,1,2,1,1,2,2,2,1,1,2,1,1,1,2,2,2,1,2,2,2,1,1,2,2,2,1,1,2,1,1,2,1,2,1,1,1,1,2,2,2,2,1,1,2,2,1,1,1,2,2,1,2,1,1,2,2,2,1,1,1,2,2,2,1,1,2,1,2,1,2,1,2,1,1,2,1,2,2,2,1,2,1,0,0,0,0,0,0,0,0,0,0,0,0,0,0,0,0,0,0,0,0,0,0,0,0,0,0,0,0,0,0,0,0,0,0,0,0,0,0,0,0,0,0,0,0,0,0,0,0,0,0,0,0,0,0,0,0,0,0,0,0,0,0,0,0,0,0,0,0,0,0,0,0,0,0,0,0,0,0,0,0,0,0,0,0,0,0,0,0,0,0,0,0,0,0,0,0,0,0,0,0,0,0,0,0,0,0,0,0,4.2
"42",2,2,2,1,1,2,2,1,1,1,2,1,2,2,1,2,1,1,1,1,2,2,1,2,1,1,1,2,1,2,1,2,2,1,2,2,2,2,2,2,1,1,2,1,1,2,1,1,1,2,2,2,1,2,2,2,1,1,1,1,0,0,0,0,0,0,0,0,0,0,0,0,0,0,0,0,0,0,0,0,0,0,0,0,0,0,0,0,0,0,0,0,0,0,0,0,0,0,0,0,0,0,0,0,0,0,0,0,0,0,0,0,0,0,0,0,0,0,0,0,0,0,0,0,0,0,0,0,0,0,0,0,0,0,0,0,0,0,0,0,0,0,0,0,0,0,0,0,0,0,0,0,0,0,0,0,0,0,0,0,0,0,0,0,0,0,0,0,0,0,0,0,0,0,0,0,0,0,0,0,0,0,0,0,0,0,0,0,0,0,0,0,0,0,0,0,0,0,0,0,0,0,0,0,0,0,0,0,0,0,0,0,0,0,0,0,0,0,0,0,0,0,0,0,0,0,0,0,0,0,0,0,0,0,0,0,0,0,0,0,0,0,0,0,0,0,0,0,0,0,0,0,0,0,0,0,0,0,0,0,0,0,0,0,0,0,0,0,0,0,0,0,0,0,0,0,0,0,0,0,0,0,0,0,0,0,0,0,0,0,0,0,0,0,0,0,0,0,0,0,0,0,0,0,0,0,0,0,0,0,0,0,4.4
"43",2,2,2,2,1,1,1,2,2,1,1,1,1,2,1,2,1,2,1,1,1,2,2,2,1,1,2,2,1,2,2,2,1,2,1,1,1,2,1,2,2,1,2,2,1,1,1,2,1,1,1,2,2,1,2,2,1,1,2,2,2,2,1,1,2,1,2,1,1,2,1,2,1,2,1,2,2,1,2,2,2,1,1,1,2,1,1,1,2,1,1,1,2,2,2,2,2,1,1,2,2,2,2,1,1,1,2,1,2,1,2,2,1,2,2,2,1,1,1,1,1,2,1,2,2,1,2,1,2,1,2,1,1,1,1,2,2,2,1,1,2,2,2,1,1,1,2,2,2,2,2,2,1,1,1,1,1,2,1,2,1,1,2,2,1,2,1,2,2,1,1,1,1,2,2,1,2,2,1,2,2,2,1,2,2,1,1,2,1,2,1,1,2,2,1,2,1,2,2,1,2,1,1,1,2,1,2,2,1,1,2,2,1,2,1,1,2,1,1,1,1,2,2,2,1,1,2,2,2,2,1,1,1,2,1,2,1,2,2,1,0,0,0,0,0,0,0,0,0,0,0,0,0,0,0,0,0,0,0,0,0,0,0,0,0,0,0,0,0,0,0,0,0,0,0,0,0,0,0,0,0,0,0,0,0,0,0,0,0,0,0,0,0,0,0,0,0,0,0,0,0,0,0,0,0,0,0,0,0,0,0,0,4.3
"44",2,1,1,2,1,2,1,1,2,2,2,1,2,1,2,1,2,1,1,2,2,1,2,1,1,2,1,1,1,1,2,2,2,1,2,2,1,2,1,1,2,1,1,1,2,2,2,2,1,1,2,2,1,1,2,2,2,2,1,1,2,2,1,2,1,1,2,2,1,2,1,1,1,1,2,2,1,2,1,2,2,1,1,2,2,2,1,2,2,2,2,1,1,1,1,1,0,0,0,0,0,0,0,0,0,0,0,0,0,0,0,0,0,0,0,0,0,0,0,0,0,0,0,0,0,0,0,0,0,0,0,0,0,0,0,0,0,0,0,0,0,0,0,0,0,0,0,0,0,0,0,0,0,0,0,0,0,0,0,0,0,0,0,0,0,0,0,0,0,0,0,0,0,0,0,0,0,0,0,0,0,0,0,0,0,0,0,0,0,0,0,0,0,0,0,0,0,0,0,0,0,0,0,0,0,0,0,0,0,0,0,0,0,0,0,0,0,0,0,0,0,0,0,0,0,0,0,0,0,0,0,0,0,0,0,0,0,0,0,0,0,0,0,0,0,0,0,0,0,0,0,0,0,0,0,0,0,0,0,0,0,0,0,0,0,0,0,0,0,0,0,0,0,0,0,0,0,0,0,0,0,0,0,0,0,0,0,0,0,0,0,0,0,0,0,0,0,0,0,0,0,0,0,0,0,0,0,0,0,0,0,0,4.3
"45",2,2,2,1,2,2,1,1,1,1,2,1,2,1,2,2,1,2,1,2,2,1,1,1,1,2,1,2,1,2,1,1,2,2,2,1,2,1,1,1,2,2,1,2,2,1,1,2,2,1,1,2,2,1,1,2,1,2,1,2,2,1,2,1,2,2,1,2,1,1,2,1,2,2,2,2,2,1,1,1,2,1,1,1,1,1,2,2,1,2,1,2,2,2,1,1,2,1,2,2,2,2,1,1,1,2,1,1,1,2,1,2,2,1,1,1,2,1,2,2,1,2,1,2,1,1,2,1,1,2,2,2,1,1,2,2,1,2,2,2,1,1,2,1,1,2,1,2,1,2,2,1,2,1,1,2,2,2,2,1,2,1,1,1,2,2,1,1,2,2,2,2,2,2,1,1,1,1,1,1,2,1,1,1,1,2,1,2,2,2,2,1,2,2,2,1,1,2,2,1,1,2,1,1,2,1,1,2,1,1,1,2,2,1,2,2,1,2,2,2,2,1,1,2,1,1,2,1,2,1,1,2,2,1,2,2,1,1,1,2,2,1,2,1,1,2,2,1,1,2,2,1,1,2,1,2,2,1,2,2,1,1,2,1,1,2,2,1,2,1,2,2,2,1,1,1,1,1,2,2,1,2,1,1,1,2,2,2,1,1,2,1,2,2,2,1,1,2,1,2,1,2,2,1,2,2,2,1,2,1,1,1,4.3
"46",2,1,2,2,1,2,1,1,2,2,1,1,2,2,1,1,1,2,1,1,1,2,2,2,1,2,2,1,1,2,2,1,1,1,2,1,2,1,2,2,2,2,1,1,2,1,1,2,1,2,1,2,1,2,2,1,2,1,2,2,1,2,1,1,1,2,2,1,2,2,1,1,1,2,1,2,2,1,2,1,2,1,2,1,1,2,2,1,1,1,1,1,2,2,2,2,1,2,1,2,1,1,2,2,2,1,2,2,1,1,2,1,2,1,1,1,2,2,2,1,1,2,2,1,1,1,2,2,2,2,1,1,2,2,1,1,1,2,2,1,2,2,1,1,2,2,1,1,2,1,2,1,2,1,2,1,1,2,1,2,2,1,1,2,2,1,2,1,1,1,1,2,2,1,2,2,2,1,1,1,1,2,2,2,2,1,1,1,1,2,2,2,2,1,1,2,1,2,2,1,1,2,2,2,1,1,2,1,2,1,2,1,2,1,1,2,1,2,1,1,1,2,2,2,1,2,2,2,1,1,2,1,2,1,2,2,1,1,1,2,2,2,1,2,1,1,2,1,2,1,1,2,2,2,1,1,1,2,2,1,1,2,1,2,1,2,1,1,2,1,2,2,2,1,2,1,2,2,1,1,1,1,2,2,1,2,2,1,1,2,1,2,1,1,2,2,2,2,1,1,1,2,2,1,2,2,1,2,1,2,1,1,3
"47",1,1,2,2,2,1,1,2,1,1,1,2,2,2,1,2,2,2,1,2,1,1,2,1,2,2,1,2,1,1,1,2,2,2,1,2,1,1,1,2,1,2,2,2,1,2,1,1,1,1,1,2,1,2,2,2,2,1,2,2,1,2,1,1,2,1,2,1,1,1,2,2,2,1,1,2,1,2,1,2,2,1,1,2,1,1,2,2,1,2,1,2,2,1,1,2,1,1,1,2,2,2,2,1,2,2,1,2,1,1,1,2,2,2,1,2,1,1,2,1,2,2,1,2,1,2,1,1,1,1,2,1,2,2,2,1,1,2,2,2,2,1,1,1,2,2,1,1,2,1,1,2,2,2,1,1,2,2,1,1,1,1,1,2,1,2,2,2,2,2,1,1,2,2,1,1,2,1,2,2,1,2,1,1,2,1,2,1,2,1,2,1,1,1,2,2,1,2,2,1,2,2,1,1,2,1,1,2,2,2,2,1,1,1,1,2,2,2,1,2,1,1,2,1,1,1,2,1,2,2,2,1,2,2,1,2,1,1,2,1,1,2,1,2,1,1,2,2,1,2,2,2,1,1,1,2,1,2,1,2,1,1,2,2,2,2,1,2,1,1,1,2,1,2,1,2,2,2,1,1,1,2,1,2,2,2,1,1,1,2,1,1,2,1,2,2,2,2,1,1,2,1,2,1,2,1,1,1,2,1,2,2,3
"48",1,1,2,2,1,2,2,1,1,2,1,1,2,2,1,2,2,2,1,2,1,1,1,2,1,2,1,1,1,2,2,2,1,2,2,1,1,2,2,1,1,1,2,2,1,2,2,1,2,1,2,1,1,1,2,2,1,2,2,2,1,1,1,2,2,1,2,2,1,1,2,1,2,1,2,2,2,1,1,1,2,1,1,1,1,2,2,2,1,1,1,2,2,1,2,2,1,1,2,1,2,2,1,2,2,2,1,1,2,1,2,1,0,0,0,0,0,0,0,0,0,0,0,0,0,0,0,0,0,0,0,0,0,0,0,0,0,0,0,0,0,0,0,0,0,0,0,0,0,0,0,0,0,0,0,0,0,0,0,0,0,0,0,0,0,0,0,0,0,0,0,0,0,0,0,0,0,0,0,0,0,0,0,0,0,0,0,0,0,0,0,0,0,0,0,0,0,0,0,0,0,0,0,0,0,0,0,0,0,0,0,0,0,0,0,0,0,0,0,0,0,0,0,0,0,0,0,0,0,0,0,0,0,0,0,0,0,0,0,0,0,0,0,0,0,0,0,0,0,0,0,0,0,0,0,0,0,0,0,0,0,0,0,0,0,0,0,0,0,0,0,0,0,0,0,0,0,0,0,0,0,0,0,0,0,0,0,0,0,0,0,0,0,0,0,0,0,0,0,0,0,0,0,0,0,0,0,0,0,0,0,0,3
"49",2,2,2,1,2,1,1,1,2,1,1,2,2,2,1,1,1,2,2,1,2,1,1,2,1,2,1,1,1,2,2,2,2,1,2,1,1,2,2,1,1,1,2,2,1,2,2,1,1,2,1,2,1,2,2,1,2,2,2,1,2,1,1,1,2,2,1,1,1,1,2,2,2,1,1,2,2,1,2,1,1,2,1,2,1,2,2,1,1,1,2,2,1,1,2,2,2,2,2,1,2,1,1,1,2,1,1,2,1,1,2,2,1,1,2,2,2,1,2,1,1,2,1,2,2,1,1,2,1,2,2,1,2,2,1,1,2,1,1,1,2,2,1,2,2,1,2,1,2,1,1,2,2,1,2,2,1,1,2,1,2,2,2,1,1,1,1,2,2,1,1,2,1,2,1,2,2,1,1,2,1,1,2,2,2,1,1,1,1,2,2,2,2,1,2,1,2,2,1,1,2,2,2,1,2,1,1,1,2,1,2,1,2,2,1,1,1,1,2,1,2,1,2,2,1,2,1,2,1,2,2,1,2,1,1,1,2,2,2,1,1,2,2,2,2,1,1,1,2,1,2,2,1,1,2,1,2,1,1,2,1,2,1,2,1,2,2,2,1,1,1,2,1,1,1,2,1,2,2,2,2,1,1,2,2,1,1,2,1,2,1,2,2,1,2,1,2,1,2,2,1,2,1,1,1,2,1,2,1,1,2,2,3
"50",1,2,2,1,1,2,1,2,1,1,1,2,1,2,2,2,1,2,2,1,1,2,2,1,2,2,1,1,1,2,1,2,2,2,1,2,1,1,1,2,1,2,1,2,1,2,2,1,2,1,2,1,1,2,2,1,1,2,2,2,1,1,1,2,1,1,2,1,1,2,2,2,1,1,2,2,1,2,2,1,2,2,1,1,1,2,2,1,2,1,1,1,2,1,2,2,1,1,2,1,2,2,1,2,2,2,1,2,2,1,1,1,1,1,1,2,2,1,2,2,1,1,1,1,2,2,2,2,2,1,1,2,1,1,2,2,1,2,2,2,1,1,1,2,2,1,1,2,2,1,1,2,2,1,1,2,1,2,2,1,2,1,1,2,1,2,1,2,1,1,2,2,1,2,2,1,2,2,2,2,1,1,1,1,1,2,1,2,1,2,1,2,1,2,1,1,2,2,2,1,1,2,1,2,1,2,1,2,1,1,1,2,2,2,1,2,2,2,1,1,1,2,2,1,2,1,1,1,2,1,2,2,1,1,2,1,2,1,2,2,1,1,2,2,2,2,1,1,1,1,2,2,2,1,1,2,2,1,2,1,2,2,1,1,2,2,2,2,1,1,1,1,2,2,1,1,2,2,1,1,1,2,2,1,2,2,1,1,1,2,1,2,2,1,1,2,2,2,1,1,2,2,1,1,2,2,2,1,1,1,2,1,3
"51",2,2,1,1,1,2,1,2,1,2,1,2,2,1,1,2,1,2,2,1,1,1,2,2,1,1,2,2,1,2,2,1,1,2,1,2,1,2,1,2,1,2,2,2,1,1,2,1,0,0,0,0,0,0,0,0,0,0,0,0,0,0,0,0,0,0,0,0,0,0,0,0,0,0,0,0,0,0,0,0,0,0,0,0,0,0,0,0,0,0,0,0,0,0,0,0,0,0,0,0,0,0,0,0,0,0,0,0,0,0,0,0,0,0,0,0,0,0,0,0,0,0,0,0,0,0,0,0,0,0,0,0,0,0,0,0,0,0,0,0,0,0,0,0,0,0,0,0,0,0,0,0,0,0,0,0,0,0,0,0,0,0,0,0,0,0,0,0,0,0,0,0,0,0,0,0,0,0,0,0,0,0,0,0,0,0,0,0,0,0,0,0,0,0,0,0,0,0,0,0,0,0,0,0,0,0,0,0,0,0,0,0,0,0,0,0,0,0,0,0,0,0,0,0,0,0,0,0,0,0,0,0,0,0,0,0,0,0,0,0,0,0,0,0,0,0,0,0,0,0,0,0,0,0,0,0,0,0,0,0,0,0,0,0,0,0,0,0,0,0,0,0,0,0,0,0,0,0,0,0,0,0,0,0,0,0,0,0,0,0,0,0,0,0,0,0,0,0,0,0,0,0,0,0,0,0,0,0,0,0,0,0,3
"52",2,2,1,1,1,1,2,2,1,2,2,2,1,1,2,1,2,1,2,1,1,1,2,2,1,1,1,2,2,2,1,2,2,1,1,2,1,2,2,1,1,2,1,2,1,2,1,2,2,2,1,1,1,2,1,2,2,2,1,2,1,2,1,1,1,2,2,2,1,1,1,2,2,2,1,1,1,2,1,2,0,0,0,0,0,0,0,0,0,0,0,0,0,0,0,0,0,0,0,0,0,0,0,0,0,0,0,0,0,0,0,0,0,0,0,0,0,0,0,0,0,0,0,0,0,0,0,0,0,0,0,0,0,0,0,0,0,0,0,0,0,0,0,0,0,0,0,0,0,0,0,0,0,0,0,0,0,0,0,0,0,0,0,0,0,0,0,0,0,0,0,0,0,0,0,0,0,0,0,0,0,0,0,0,0,0,0,0,0,0,0,0,0,0,0,0,0,0,0,0,0,0,0,0,0,0,0,0,0,0,0,0,0,0,0,0,0,0,0,0,0,0,0,0,0,0,0,0,0,0,0,0,0,0,0,0,0,0,0,0,0,0,0,0,0,0,0,0,0,0,0,0,0,0,0,0,0,0,0,0,0,0,0,0,0,0,0,0,0,0,0,0,0,0,0,0,0,0,0,0,0,0,0,0,0,0,0,0,0,0,0,0,0,0,0,0,0,0,0,0,0,0,0,0,0,0,0,0,0,0,0,0,3
"53",1,1,2,1,2,2,2,1,1,2,2,1,2,1,2,1,2,2,1,1,2,1,2,1,2,1,1,2,1,2,2,1,1,2,2,2,2,1,1,1,2,1,2,2,1,1,2,1,1,2,2,1,1,2,1,2,2,1,1,2,1,2,2,1,0,0,0,0,0,0,0,0,0,0,0,0,0,0,0,0,0,0,0,0,0,0,0,0,0,0,0,0,0,0,0,0,0,0,0,0,0,0,0,0,0,0,0,0,0,0,0,0,0,0,0,0,0,0,0,0,0,0,0,0,0,0,0,0,0,0,0,0,0,0,0,0,0,0,0,0,0,0,0,0,0,0,0,0,0,0,0,0,0,0,0,0,0,0,0,0,0,0,0,0,0,0,0,0,0,0,0,0,0,0,0,0,0,0,0,0,0,0,0,0,0,0,0,0,0,0,0,0,0,0,0,0,0,0,0,0,0,0,0,0,0,0,0,0,0,0,0,0,0,0,0,0,0,0,0,0,0,0,0,0,0,0,0,0,0,0,0,0,0,0,0,0,0,0,0,0,0,0,0,0,0,0,0,0,0,0,0,0,0,0,0,0,0,0,0,0,0,0,0,0,0,0,0,0,0,0,0,0,0,0,0,0,0,0,0,0,0,0,0,0,0,0,0,0,0,0,0,0,0,0,0,0,0,0,0,0,0,0,0,0,0,0,0,0,0,0,0,0,3
"54",1,2,1,1,2,1,2,2,1,1,1,2,2,1,2,2,2,2,1,1,1,2,2,1,2,1,1,2,2,1,1,2,2,2,2,1,1,1,2,1,2,2,1,1,2,2,1,1,2,1,2,1,2,2,1,1,1,1,1,2,2,2,2,1,2,1,2,2,1,1,1,2,2,1,2,2,1,1,1,2,2,1,1,2,2,2,1,1,1,2,1,1,2,2,1,2,2,1,1,2,2,1,2,1,2,1,1,2,1,1,2,2,2,2,1,2,1,2,1,1,1,1,2,2,1,1,2,2,2,1,1,1,1,2,2,2,1,1,1,2,2,1,2,2,1,2,2,1,2,2,1,1,2,2,2,2,1,1,1,1,1,1,2,2,1,1,2,2,1,1,2,1,2,2,2,1,2,2,1,2,1,1,1,2,2,2,1,2,1,1,2,1,1,1,2,1,2,2,1,2,1,2,1,2,1,1,2,2,1,1,2,2,1,1,2,2,2,1,1,2,1,2,2,1,1,2,1,2,2,1,1,2,1,2,2,1,2,1,2,1,1,1,2,1,1,2,2,2,2,1,1,2,1,1,2,2,2,2,1,1,1,2,1,2,1,2,1,1,1,2,2,2,1,1,2,2,1,2,1,2,1,1,2,2,2,1,1,2,2,2,1,1,1,2,2,1,1,1,2,2,1,2,2,1,2,1,2,2,1,2,1,1,3
"55",2,1,1,2,2,1,1,2,1,2,2,1,2,1,1,2,2,2,2,1,1,1,2,1,2,2,2,2,1,1,1,1,1,2,2,1,2,1,2,1,1,1,2,2,1,1,2,2,2,2,2,1,1,1,2,1,2,2,1,1,1,2,1,2,1,1,1,2,2,1,2,2,2,1,1,1,2,2,2,1,2,1,1,2,1,2,2,1,1,2,1,1,2,1,2,2,1,1,2,2,1,1,2,2,2,1,1,2,2,1,1,2,2,1,2,1,2,1,2,1,1,2,2,1,1,1,2,2,2,1,2,1,2,1,1,2,0,0,0,0,0,0,0,0,0,0,0,0,0,0,0,0,0,0,0,0,0,0,0,0,0,0,0,0,0,0,0,0,0,0,0,0,0,0,0,0,0,0,0,0,0,0,0,0,0,0,0,0,0,0,0,0,0,0,0,0,0,0,0,0,0,0,0,0,0,0,0,0,0,0,0,0,0,0,0,0,0,0,0,0,0,0,0,0,0,0,0,0,0,0,0,0,0,0,0,0,0,0,0,0,0,0,0,0,0,0,0,0,0,0,0,0,0,0,0,0,0,0,0,0,0,0,0,0,0,0,0,0,0,0,0,0,0,0,0,0,0,0,0,0,0,0,0,0,0,0,0,0,0,0,0,0,0,0,0,0,0,0,0,0,0,0,0,0,0,0,0,0,0,0,0,0,3
"56",1,2,1,1,1,2,2,2,2,2,2,1,1,1,1,2,2,1,1,1,2,2,2,1,1,1,1,1,2,2,2,2,2,2,1,1,2,2,1,1,2,1,2,1,2,1,1,2,2,2,1,1,2,2,1,1,1,2,1,2,2,1,2,1,1,2,1,2,2,2,1,1,1,1,2,2,1,2,1,2,2,2,2,1,2,1,1,1,2,2,2,1,2,1,1,1,1,2,2,1,2,1,1,2,1,1,2,1,2,1,2,2,2,2,1,1,2,1,2,1,1,1,1,1,2,2,2,2,2,1,1,2,1,2,2,1,1,1,1,2,1,2,2,2,1,2,2,2,2,1,1,1,2,1,1,2,1,2,1,2,1,2,2,2,1,1,1,2,2,2,1,2,1,2,1,1,2,2,1,1,2,2,1,1,1,2,2,1,1,2,1,2,2,2,1,1,2,1,1,2,1,2,2,2,1,1,1,2,2,2,1,2,2,1,1,1,2,1,2,2,1,2,1,1,2,1,1,2,1,1,2,2,2,1,1,2,1,1,2,2,0,0,0,0,0,0,0,0,0,0,0,0,0,0,0,0,0,0,0,0,0,0,0,0,0,0,0,0,0,0,0,0,0,0,0,0,0,0,0,0,0,0,0,0,0,0,0,0,0,0,0,0,0,0,0,0,0,0,0,0,0,0,0,0,0,0,0,0,0,0,0,0,3
"57",2,1,2,1,1,1,2,2,2,2,1,1,2,2,1,1,2,2,1,2,1,2,1,1,2,1,2,1,1,2,1,2,2,1,2,1,2,1,2,1,1,1,1,2,2,1,2,2,1,1,2,2,1,2,1,2,2,1,1,2,2,2,1,1,2,1,2,1,2,1,1,2,2,1,1,1,2,1,2,2,2,2,1,1,1,2,1,2,2,2,2,1,1,2,1,1,1,2,1,1,2,2,1,2,1,2,1,2,2,1,2,1,2,2,2,1,1,1,1,2,1,2,1,2,2,1,1,2,1,2,1,2,2,2,1,1,2,1,2,2,1,1,1,2,1,1,2,2,2,2,1,1,1,2,2,1,2,1,2,1,1,1,2,2,2,1,2,1,0,0,0,0,0,0,0,0,0,0,0,0,0,0,0,0,0,0,0,0,0,0,0,0,0,0,0,0,0,0,0,0,0,0,0,0,0,0,0,0,0,0,0,0,0,0,0,0,0,0,0,0,0,0,0,0,0,0,0,0,0,0,0,0,0,0,0,0,0,0,0,0,0,0,0,0,0,0,0,0,0,0,0,0,0,0,0,0,0,0,0,0,0,0,0,0,0,0,0,0,0,0,0,0,0,0,0,0,0,0,0,0,0,0,0,0,0,0,0,0,0,0,0,0,0,0,0,0,0,0,0,0,0,0,0,0,0,0,0,0,0,0,0,0,3
"58",2,1,2,1,2,1,1,2,2,1,1,1,2,1,2,2,1,1,2,2,2,1,1,2,1,1,1,2,2,1,2,2,1,2,2,1,1,2,1,2,1,2,1,2,1,2,1,2,1,2,1,2,2,1,2,1,2,1,2,2,1,1,1,2,1,2,1,1,2,2,1,2,2,1,2,1,2,1,1,2,1,1,1,2,2,2,2,1,2,1,2,1,1,2,2,1,2,2,1,2,1,1,2,1,2,1,1,2,1,2,1,2,2,1,1,2,2,2,1,1,2,1,1,1,1,2,2,2,1,1,2,2,2,1,2,1,2,2,2,1,1,2,1,1,2,1,1,1,2,1,2,2,1,1,1,2,2,2,2,1,2,1,1,1,2,2,1,2,1,1,1,2,1,2,2,2,1,1,2,1,2,2,2,1,2,1,1,2,1,2,2,1,1,1,2,2,1,2,1,2,1,2,2,1,2,1,1,2,1,2,1,2,2,1,1,2,1,2,1,2,1,1,2,2,1,1,2,2,2,1,1,2,2,2,2,1,2,1,1,1,2,1,1,1,2,2,2,1,2,1,1,1,1,2,2,2,0,0,0,0,0,0,0,0,0,0,0,0,0,0,0,0,0,0,0,0,0,0,0,0,0,0,0,0,0,0,0,0,0,0,0,0,0,0,0,0,0,0,0,0,0,0,0,0,0,0,0,0,0,0,0,0,3
"59",2,2,1,1,1,2,1,2,2,1,1,1,2,2,2,1,2,1,1,2,1,1,2,2,2,2,1,1,2,1,1,2,1,2,2,1,1,2,2,1,1,2,1,1,2,2,2,1,2,2,2,1,1,1,2,1,2,1,1,1,1,2,2,2,2,1,2,2,1,2,1,1,2,2,1,2,1,1,2,1,2,1,1,1,1,2,2,2,2,1,1,2,1,1,2,2,1,2,2,1,1,2,2,1,1,2,1,1,2,1,2,2,1,2,2,2,1,1,1,2,0,0,0,0,0,0,0,0,0,0,0,0,0,0,0,0,0,0,0,0,0,0,0,0,0,0,0,0,0,0,0,0,0,0,0,0,0,0,0,0,0,0,0,0,0,0,0,0,0,0,0,0,0,0,0,0,0,0,0,0,0,0,0,0,0,0,0,0,0,0,0,0,0,0,0,0,0,0,0,0,0,0,0,0,0,0,0,0,0,0,0,0,0,0,0,0,0,0,0,0,0,0,0,0,0,0,0,0,0,0,0,0,0,0,0,0,0,0,0,0,0,0,0,0,0,0,0,0,0,0,0,0,0,0,0,0,0,0,0,0,0,0,0,0,0,0,0,0,0,0,0,0,0,0,0,0,0,0,0,0,0,0,0,0,0,0,0,0,0,0,0,0,0,0,0,0,0,0,0,0,0,0,0,0,0,0,0,0,0,0,0,0,3
"60",1,2,2,1,2,1,1,1,2,2,1,2,2,1,2,1,1,2,2,2,1,1,2,1,1,2,2,2,2,2,2,1,1,1,1,1,1,2,1,1,2,1,2,1,2,2,2,1,0,0,0,0,0,0,0,0,0,0,0,0,0,0,0,0,0,0,0,0,0,0,0,0,0,0,0,0,0,0,0,0,0,0,0,0,0,0,0,0,0,0,0,0,0,0,0,0,0,0,0,0,0,0,0,0,0,0,0,0,0,0,0,0,0,0,0,0,0,0,0,0,0,0,0,0,0,0,0,0,0,0,0,0,0,0,0,0,0,0,0,0,0,0,0,0,0,0,0,0,0,0,0,0,0,0,0,0,0,0,0,0,0,0,0,0,0,0,0,0,0,0,0,0,0,0,0,0,0,0,0,0,0,0,0,0,0,0,0,0,0,0,0,0,0,0,0,0,0,0,0,0,0,0,0,0,0,0,0,0,0,0,0,0,0,0,0,0,0,0,0,0,0,0,0,0,0,0,0,0,0,0,0,0,0,0,0,0,0,0,0,0,0,0,0,0,0,0,0,0,0,0,0,0,0,0,0,0,0,0,0,0,0,0,0,0,0,0,0,0,0,0,0,0,0,0,0,0,0,0,0,0,0,0,0,0,0,0,0,0,0,0,0,0,0,0,0,0,0,0,0,0,0,0,0,0,0,0,0,0,0,0,0,0,4.1
"61",2,1,2,2,1,1,1,1,2,1,2,2,1,2,2,2,1,2,1,2,1,1,2,1,1,2,1,1,2,1,1,1,2,2,2,2,1,1,2,1,2,1,2,2,1,2,1,2,2,2,1,2,2,1,2,1,2,1,1,1,1,1,2,2,2,1,1,1,2,2,1,2,1,2,2,1,1,1,2,2,2,2,1,1,2,2,1,1,2,2,2,1,1,1,1,2,1,2,2,2,1,2,1,1,1,2,2,1,2,2,1,2,2,1,2,1,1,1,2,1,2,1,1,2,2,1,2,1,1,2,1,2,2,1,1,2,1,1,2,2,2,2,1,1,2,1,1,2,2,1,2,1,2,2,1,1,1,2,2,2,1,1,2,1,1,1,2,2,2,1,1,2,1,1,2,2,2,2,1,1,1,1,2,2,2,2,1,2,2,1,1,1,2,2,1,2,2,1,1,1,1,1,2,2,2,2,2,1,2,1,2,1,1,1,1,2,1,2,2,1,2,1,1,2,1,2,1,2,1,2,1,2,1,2,2,1,2,2,1,1,2,1,2,2,1,2,1,1,2,1,2,1,1,2,2,2,2,1,2,1,1,2,1,1,2,1,2,2,1,1,2,2,2,1,1,1,2,1,1,1,2,2,2,1,1,2,2,1,2,1,2,1,1,1,2,2,1,2,2,1,2,1,2,2,1,2,1,1,2,1,2,1,4.4
"62",2,2,1,2,1,2,1,2,1,1,2,1,1,1,1,1,1,2,2,2,2,2,1,2,1,1,2,2,2,1,1,2,2,1,1,2,1,2,1,2,1,2,1,2,2,1,1,2,0,0,0,0,0,0,0,0,0,0,0,0,0,0,0,0,0,0,0,0,0,0,0,0,0,0,0,0,0,0,0,0,0,0,0,0,0,0,0,0,0,0,0,0,0,0,0,0,0,0,0,0,0,0,0,0,0,0,0,0,0,0,0,0,0,0,0,0,0,0,0,0,0,0,0,0,0,0,0,0,0,0,0,0,0,0,0,0,0,0,0,0,0,0,0,0,0,0,0,0,0,0,0,0,0,0,0,0,0,0,0,0,0,0,0,0,0,0,0,0,0,0,0,0,0,0,0,0,0,0,0,0,0,0,0,0,0,0,0,0,0,0,0,0,0,0,0,0,0,0,0,0,0,0,0,0,0,0,0,0,0,0,0,0,0,0,0,0,0,0,0,0,0,0,0,0,0,0,0,0,0,0,0,0,0,0,0,0,0,0,0,0,0,0,0,0,0,0,0,0,0,0,0,0,0,0,0,0,0,0,0,0,0,0,0,0,0,0,0,0,0,0,0,0,0,0,0,0,0,0,0,0,0,0,0,0,0,0,0,0,0,0,0,0,0,0,0,0,0,0,0,0,0,0,0,0,0,0,0,0,0,0,0,0,4.2
"63",1,2,2,2,1,2,1,2,1,1,2,1,2,1,1,1,2,1,2,2,1,1,2,2,2,2,1,1,2,1,1,1,2,2,1,2,1,2,2,1,2,1,1,2,2,1,2,1,1,1,2,1,2,2,2,2,1,2,1,1,0,0,0,0,0,0,0,0,0,0,0,0,0,0,0,0,0,0,0,0,0,0,0,0,0,0,0,0,0,0,0,0,0,0,0,0,0,0,0,0,0,0,0,0,0,0,0,0,0,0,0,0,0,0,0,0,0,0,0,0,0,0,0,0,0,0,0,0,0,0,0,0,0,0,0,0,0,0,0,0,0,0,0,0,0,0,0,0,0,0,0,0,0,0,0,0,0,0,0,0,0,0,0,0,0,0,0,0,0,0,0,0,0,0,0,0,0,0,0,0,0,0,0,0,0,0,0,0,0,0,0,0,0,0,0,0,0,0,0,0,0,0,0,0,0,0,0,0,0,0,0,0,0,0,0,0,0,0,0,0,0,0,0,0,0,0,0,0,0,0,0,0,0,0,0,0,0,0,0,0,0,0,0,0,0,0,0,0,0,0,0,0,0,0,0,0,0,0,0,0,0,0,0,0,0,0,0,0,0,0,0,0,0,0,0,0,0,0,0,0,0,0,0,0,0,0,0,0,0,0,0,0,0,0,0,0,0,0,0,0,0,0,0,0,0,0,0,0,0,0,0,0,4.2
"64",1,2,1,2,1,1,1,1,2,2,2,2,1,2,1,2,2,1,1,1,2,1,2,2,2,1,2,1,1,1,1,2,2,2,1,2,1,2,2,2,1,1,2,1,2,1,2,1,0,0,0,0,0,0,0,0,0,0,0,0,0,0,0,0,0,0,0,0,0,0,0,0,0,0,0,0,0,0,0,0,0,0,0,0,0,0,0,0,0,0,0,0,0,0,0,0,0,0,0,0,0,0,0,0,0,0,0,0,0,0,0,0,0,0,0,0,0,0,0,0,0,0,0,0,0,0,0,0,0,0,0,0,0,0,0,0,0,0,0,0,0,0,0,0,0,0,0,0,0,0,0,0,0,0,0,0,0,0,0,0,0,0,0,0,0,0,0,0,0,0,0,0,0,0,0,0,0,0,0,0,0,0,0,0,0,0,0,0,0,0,0,0,0,0,0,0,0,0,0,0,0,0,0,0,0,0,0,0,0,0,0,0,0,0,0,0,0,0,0,0,0,0,0,0,0,0,0,0,0,0,0,0,0,0,0,0,0,0,0,0,0,0,0,0,0,0,0,0,0,0,0,0,0,0,0,0,0,0,0,0,0,0,0,0,0,0,0,0,0,0,0,0,0,0,0,0,0,0,0,0,0,0,0,0,0,0,0,0,0,0,0,0,0,0,0,0,0,0,0,0,0,0,0,0,0,0,0,0,0,0,0,0,4.3
"65",2,2,1,1,2,2,1,2,2,1,1,1,1,2,2,1,1,1,1,1,2,2,2,2,2,2,1,2,2,1,1,2,1,1,1,2,1,2,2,1,1,1,2,1,2,1,2,2,1,1,2,2,2,1,1,2,2,1,1,2,2,2,1,1,1,2,2,1,2,1,2,1,1,1,2,2,1,2,2,1,2,1,2,1,2,2,2,1,1,2,1,1,1,2,1,2,1,2,2,2,1,2,1,2,2,1,1,1,2,2,2,2,2,1,2,1,1,1,1,1,1,2,1,1,2,2,2,2,1,1,2,1,1,2,1,1,1,2,1,2,2,2,2,1,1,2,2,1,2,1,2,1,1,1,2,2,1,2,2,1,1,1,2,2,2,1,1,2,1,1,1,2,1,2,1,1,2,2,2,2,2,1,1,1,1,2,1,1,2,2,2,2,2,1,2,2,2,1,1,1,2,1,1,2,2,1,2,1,1,2,1,1,2,1,2,2,2,1,1,2,2,2,2,1,1,2,1,1,1,1,2,2,2,2,1,1,1,2,1,2,2,1,1,1,1,2,2,2,1,2,2,1,2,1,2,1,1,1,2,2,2,1,2,1,2,1,2,1,1,1,2,2,2,1,2,1,1,1,1,1,2,1,2,2,2,2,2,1,1,2,2,1,1,1,2,2,1,2,1,2,2,1,1,2,2,1,2,2,2,1,1,1,4.1
"66",1,1,1,1,2,2,1,2,2,1,2,2,2,2,2,2,1,2,1,1,2,1,1,1,1,2,2,2,1,1,2,1,2,2,1,1,2,2,1,1,2,2,2,1,1,1,2,1,0,0,0,0,0,0,0,0,0,0,0,0,0,0,0,0,0,0,0,0,0,0,0,0,0,0,0,0,0,0,0,0,0,0,0,0,0,0,0,0,0,0,0,0,0,0,0,0,0,0,0,0,0,0,0,0,0,0,0,0,0,0,0,0,0,0,0,0,0,0,0,0,0,0,0,0,0,0,0,0,0,0,0,0,0,0,0,0,0,0,0,0,0,0,0,0,0,0,0,0,0,0,0,0,0,0,0,0,0,0,0,0,0,0,0,0,0,0,0,0,0,0,0,0,0,0,0,0,0,0,0,0,0,0,0,0,0,0,0,0,0,0,0,0,0,0,0,0,0,0,0,0,0,0,0,0,0,0,0,0,0,0,0,0,0,0,0,0,0,0,0,0,0,0,0,0,0,0,0,0,0,0,0,0,0,0,0,0,0,0,0,0,0,0,0,0,0,0,0,0,0,0,0,0,0,0,0,0,0,0,0,0,0,0,0,0,0,0,0,0,0,0,0,0,0,0,0,0,0,0,0,0,0,0,0,0,0,0,0,0,0,0,0,0,0,0,0,0,0,0,0,0,0,0,0,0,0,0,0,0,0,0,0,0,4.1
"67",1,2,1,1,1,2,2,2,1,2,1,2,2,1,2,2,2,1,1,1,2,1,1,2,1,2,1,2,1,2,2,2,1,2,1,1,2,2,1,1,1,1,2,1,2,1,2,2,1,1,2,1,2,2,1,1,2,2,1,2,2,2,2,1,1,1,2,1,2,1,1,2,0,0,0,0,0,0,0,0,0,0,0,0,0,0,0,0,0,0,0,0,0,0,0,0,0,0,0,0,0,0,0,0,0,0,0,0,0,0,0,0,0,0,0,0,0,0,0,0,0,0,0,0,0,0,0,0,0,0,0,0,0,0,0,0,0,0,0,0,0,0,0,0,0,0,0,0,0,0,0,0,0,0,0,0,0,0,0,0,0,0,0,0,0,0,0,0,0,0,0,0,0,0,0,0,0,0,0,0,0,0,0,0,0,0,0,0,0,0,0,0,0,0,0,0,0,0,0,0,0,0,0,0,0,0,0,0,0,0,0,0,0,0,0,0,0,0,0,0,0,0,0,0,0,0,0,0,0,0,0,0,0,0,0,0,0,0,0,0,0,0,0,0,0,0,0,0,0,0,0,0,0,0,0,0,0,0,0,0,0,0,0,0,0,0,0,0,0,0,0,0,0,0,0,0,0,0,0,0,0,0,0,0,0,0,0,0,0,0,0,0,0,0,0,0,0,0,0,0,0,0,0,0,0,0,0,0,0,0,0,0,4.1
"68",1,2,1,1,1,1,2,2,2,2,2,1,1,2,1,1,2,2,2,2,1,2,1,1,2,2,1,2,1,1,2,1,2,2,1,1,1,2,2,1,2,2,1,1,1,1,2,2,0,0,0,0,0,0,0,0,0,0,0,0,0,0,0,0,0,0,0,0,0,0,0,0,0,0,0,0,0,0,0,0,0,0,0,0,0,0,0,0,0,0,0,0,0,0,0,0,0,0,0,0,0,0,0,0,0,0,0,0,0,0,0,0,0,0,0,0,0,0,0,0,0,0,0,0,0,0,0,0,0,0,0,0,0,0,0,0,0,0,0,0,0,0,0,0,0,0,0,0,0,0,0,0,0,0,0,0,0,0,0,0,0,0,0,0,0,0,0,0,0,0,0,0,0,0,0,0,0,0,0,0,0,0,0,0,0,0,0,0,0,0,0,0,0,0,0,0,0,0,0,0,0,0,0,0,0,0,0,0,0,0,0,0,0,0,0,0,0,0,0,0,0,0,0,0,0,0,0,0,0,0,0,0,0,0,0,0,0,0,0,0,0,0,0,0,0,0,0,0,0,0,0,0,0,0,0,0,0,0,0,0,0,0,0,0,0,0,0,0,0,0,0,0,0,0,0,0,0,0,0,0,0,0,0,0,0,0,0,0,0,0,0,0,0,0,0,0,0,0,0,0,0,0,0,0,0,0,0,0,0,0,0,0,4.1
"69",2,2,1,2,1,2,1,1,2,1,1,2,1,2,2,2,1,2,1,1,1,2,2,1,1,1,2,1,2,2,2,1,2,1,1,2,2,1,1,1,1,2,2,2,1,2,2,1,0,0,0,0,0,0,0,0,0,0,0,0,0,0,0,0,0,0,0,0,0,0,0,0,0,0,0,0,0,0,0,0,0,0,0,0,0,0,0,0,0,0,0,0,0,0,0,0,0,0,0,0,0,0,0,0,0,0,0,0,0,0,0,0,0,0,0,0,0,0,0,0,0,0,0,0,0,0,0,0,0,0,0,0,0,0,0,0,0,0,0,0,0,0,0,0,0,0,0,0,0,0,0,0,0,0,0,0,0,0,0,0,0,0,0,0,0,0,0,0,0,0,0,0,0,0,0,0,0,0,0,0,0,0,0,0,0,0,0,0,0,0,0,0,0,0,0,0,0,0,0,0,0,0,0,0,0,0,0,0,0,0,0,0,0,0,0,0,0,0,0,0,0,0,0,0,0,0,0,0,0,0,0,0,0,0,0,0,0,0,0,0,0,0,0,0,0,0,0,0,0,0,0,0,0,0,0,0,0,0,0,0,0,0,0,0,0,0,0,0,0,0,0,0,0,0,0,0,0,0,0,0,0,0,0,0,0,0,0,0,0,0,0,0,0,0,0,0,0,0,0,0,0,0,0,0,0,0,0,0,0,0,0,0,4.1
"70",1,2,1,2,2,1,1,1,1,2,2,2,2,2,2,1,1,1,2,1,2,1,1,2,1,1,2,1,2,1,1,2,2,2,2,1,2,2,2,2,1,1,2,2,1,1,1,1,0,0,0,0,0,0,0,0,0,0,0,0,0,0,0,0,0,0,0,0,0,0,0,0,0,0,0,0,0,0,0,0,0,0,0,0,0,0,0,0,0,0,0,0,0,0,0,0,0,0,0,0,0,0,0,0,0,0,0,0,0,0,0,0,0,0,0,0,0,0,0,0,0,0,0,0,0,0,0,0,0,0,0,0,0,0,0,0,0,0,0,0,0,0,0,0,0,0,0,0,0,0,0,0,0,0,0,0,0,0,0,0,0,0,0,0,0,0,0,0,0,0,0,0,0,0,0,0,0,0,0,0,0,0,0,0,0,0,0,0,0,0,0,0,0,0,0,0,0,0,0,0,0,0,0,0,0,0,0,0,0,0,0,0,0,0,0,0,0,0,0,0,0,0,0,0,0,0,0,0,0,0,0,0,0,0,0,0,0,0,0,0,0,0,0,0,0,0,0,0,0,0,0,0,0,0,0,0,0,0,0,0,0,0,0,0,0,0,0,0,0,0,0,0,0,0,0,0,0,0,0,0,0,0,0,0,0,0,0,0,0,0,0,0,0,0,0,0,0,0,0,0,0,0,0,0,0,0,0,0,0,0,0,0,4.1
"71",1,2,2,2,2,1,2,1,2,1,1,1,1,2,1,2,2,1,2,2,1,1,1,2,1,1,2,2,1,2,2,2,1,1,2,1,1,1,1,2,2,2,1,2,1,2,2,1,2,2,1,1,1,2,2,1,2,1,1,2,1,2,1,1,2,2,2,1,2,2,1,1,1,2,2,2,1,2,1,1,1,1,2,2,2,1,1,1,2,1,1,1,2,2,2,2,2,1,2,1,1,1,2,2,1,2,1,2,1,1,2,2,2,2,2,1,2,1,1,1,1,1,2,1,2,2,1,2,2,1,1,2,2,1,1,1,2,2,1,2,1,2,1,2,1,1,1,2,1,2,2,2,2,1,2,1,2,1,1,2,2,1,2,1,1,2,1,2,1,1,2,2,2,1,2,1,1,1,2,2,2,2,2,2,1,1,1,1,1,1,2,2,0,0,0,0,0,0,0,0,0,0,0,0,0,0,0,0,0,0,0,0,0,0,0,0,0,0,0,0,0,0,0,0,0,0,0,0,0,0,0,0,0,0,0,0,0,0,0,0,0,0,0,0,0,0,0,0,0,0,0,0,0,0,0,0,0,0,0,0,0,0,0,0,0,0,0,0,0,0,0,0,0,0,0,0,0,0,0,0,0,0,0,0,0,0,0,0,0,0,0,0,0,0,0,0,0,0,0,0,0,0,0,0,0,0,0,0,0,0,0,0,4.1
"72",2,1,2,1,2,2,2,2,1,1,1,1,1,2,2,1,1,1,2,2,2,1,2,1,2,2,2,2,2,1,1,1,1,2,1,1,1,2,2,1,2,1,1,2,1,2,2,1,2,1,1,2,1,2,1,2,2,1,2,1,1,2,2,1,2,2,1,2,1,1,1,2,2,1,2,2,1,2,2,1,1,2,1,1,1,2,1,2,2,2,1,1,1,1,2,2,1,2,2,1,1,2,1,2,2,1,1,2,1,1,1,2,2,1,1,2,2,2,2,1,1,1,2,1,2,1,2,2,2,1,1,2,1,1,1,2,2,2,1,2,1,1,2,2,2,1,2,2,1,1,1,2,2,2,1,1,2,2,1,1,2,1,1,2,2,2,1,1,1,1,1,2,2,1,1,2,2,2,1,2,2,2,1,1,2,2,1,1,2,2,1,1,1,1,1,2,2,1,2,1,2,2,1,2,2,2,2,1,1,1,2,1,2,2,1,1,1,1,2,1,2,1,2,2,2,1,1,2,2,2,1,2,1,2,1,1,2,2,1,1,1,1,2,2,1,1,2,1,2,2,2,1,2,2,1,1,2,1,2,2,1,1,2,1,2,1,1,1,2,1,2,1,2,2,2,1,2,1,1,2,1,1,2,2,1,2,2,1,0,0,0,0,0,0,0,0,0,0,0,0,0,0,0,0,0,0,0,0,0,0,0,0,4.1
"73",1,1,2,2,2,2,1,1,2,1,1,2,2,2,1,1,1,2,2,1,2,2,1,1,1,2,1,2,2,1,1,2,1,1,2,2,2,2,1,1,2,2,1,1,2,2,1,1,2,2,1,1,2,1,1,2,1,2,2,1,1,1,1,2,1,2,2,2,1,2,2,1,1,2,1,2,2,1,1,2,2,1,2,1,2,2,1,1,2,2,1,1,2,2,1,1,1,2,2,1,2,1,1,1,2,1,2,2,1,1,1,2,2,2,2,2,2,1,1,1,2,2,1,2,1,2,2,1,1,1,1,2,1,1,2,2,1,2,2,2,1,1,2,1,1,2,2,2,1,1,2,2,1,2,1,1,2,2,2,1,2,1,2,1,1,1,2,1,2,2,2,2,1,1,1,1,2,1,2,1,0,0,0,0,0,0,0,0,0,0,0,0,0,0,0,0,0,0,0,0,0,0,0,0,0,0,0,0,0,0,0,0,0,0,0,0,0,0,0,0,0,0,0,0,0,0,0,0,0,0,0,0,0,0,0,0,0,0,0,0,0,0,0,0,0,0,0,0,0,0,0,0,0,0,0,0,0,0,0,0,0,0,0,0,0,0,0,0,0,0,0,0,0,0,0,0,0,0,0,0,0,0,0,0,0,0,0,0,0,0,0,0,0,0,0,0,0,0,0,0,0,0,0,0,0,0,0,0,0,0,0,0,4.1
"74",2,1,2,2,2,1,2,1,1,1,1,2,1,1,2,1,2,2,1,1,2,1,2,2,2,2,1,2,2,1,1,2,1,1,1,2,2,2,1,1,1,1,2,2,2,1,1,2,1,1,2,1,2,2,2,1,2,1,2,1,1,2,1,1,2,2,1,2,1,2,1,2,2,2,2,2,1,1,1,1,2,1,2,1,1,1,2,1,2,2,2,2,1,1,1,2,1,2,1,2,2,1,2,2,2,1,2,1,1,1,2,2,1,1,2,2,2,1,2,1,1,1,2,1,2,1,2,1,2,2,1,1,2,1,2,2,1,1,2,2,1,1,2,1,2,1,2,2,1,1,1,1,1,2,2,2,1,2,2,2,2,2,1,1,1,2,1,1,1,2,1,1,2,1,1,2,2,2,1,2,1,2,1,2,1,2,2,1,2,2,2,1,1,1,1,1,2,1,2,2,1,2,1,2,2,1,1,2,2,2,1,2,2,1,1,1,2,1,1,2,1,2,1,2,2,1,2,1,2,1,1,2,2,2,1,1,1,1,2,1,2,2,1,2,2,1,2,2,2,2,1,1,1,1,2,2,2,1,1,2,2,1,1,2,1,1,1,2,2,2,1,2,1,2,1,1,1,2,0,0,0,0,0,0,0,0,0,0,0,0,0,0,0,0,0,0,0,0,0,0,0,0,0,0,0,0,0,0,0,0,0,0,4.1
"75",1,1,2,1,2,1,2,2,2,1,2,1,1,2,1,1,1,2,2,2,1,2,2,1,1,2,1,2,1,2,2,1,1,2,2,1,1,2,2,1,2,1,2,1,1,2,1,2,1,1,1,2,2,1,2,1,2,2,1,2,1,1,1,1,2,1,2,2,2,2,1,2,0,0,0,0,0,0,0,0,0,0,0,0,0,0,0,0,0,0,0,0,0,0,0,0,0,0,0,0,0,0,0,0,0,0,0,0,0,0,0,0,0,0,0,0,0,0,0,0,0,0,0,0,0,0,0,0,0,0,0,0,0,0,0,0,0,0,0,0,0,0,0,0,0,0,0,0,0,0,0,0,0,0,0,0,0,0,0,0,0,0,0,0,0,0,0,0,0,0,0,0,0,0,0,0,0,0,0,0,0,0,0,0,0,0,0,0,0,0,0,0,0,0,0,0,0,0,0,0,0,0,0,0,0,0,0,0,0,0,0,0,0,0,0,0,0,0,0,0,0,0,0,0,0,0,0,0,0,0,0,0,0,0,0,0,0,0,0,0,0,0,0,0,0,0,0,0,0,0,0,0,0,0,0,0,0,0,0,0,0,0,0,0,0,0,0,0,0,0,0,0,0,0,0,0,0,0,0,0,0,0,0,0,0,0,0,0,0,0,0,0,0,0,0,0,0,0,0,0,0,0,0,0,0,0,0,0,0,0,0,0,4.1
"76",2,2,2,1,1,2,1,2,1,2,1,1,2,2,1,1,1,1,2,2,2,1,2,1,1,2,2,2,1,2,1,2,2,1,1,1,1,1,1,2,1,2,2,1,2,1,2,2,0,0,0,0,0,0,0,0,0,0,0,0,0,0,0,0,0,0,0,0,0,0,0,0,0,0,0,0,0,0,0,0,0,0,0,0,0,0,0,0,0,0,0,0,0,0,0,0,0,0,0,0,0,0,0,0,0,0,0,0,0,0,0,0,0,0,0,0,0,0,0,0,0,0,0,0,0,0,0,0,0,0,0,0,0,0,0,0,0,0,0,0,0,0,0,0,0,0,0,0,0,0,0,0,0,0,0,0,0,0,0,0,0,0,0,0,0,0,0,0,0,0,0,0,0,0,0,0,0,0,0,0,0,0,0,0,0,0,0,0,0,0,0,0,0,0,0,0,0,0,0,0,0,0,0,0,0,0,0,0,0,0,0,0,0,0,0,0,0,0,0,0,0,0,0,0,0,0,0,0,0,0,0,0,0,0,0,0,0,0,0,0,0,0,0,0,0,0,0,0,0,0,0,0,0,0,0,0,0,0,0,0,0,0,0,0,0,0,0,0,0,0,0,0,0,0,0,0,0,0,0,0,0,0,0,0,0,0,0,0,0,0,0,0,0,0,0,0,0,0,0,0,0,0,0,0,0,0,0,0,0,0,0,0,4.1
"77",1,2,2,2,1,1,1,2,1,2,2,1,1,2,1,1,2,1,2,2,2,2,1,1,1,2,1,2,1,2,2,2,1,1,2,1,2,1,2,1,1,1,1,1,2,2,2,2,2,1,2,2,1,1,2,1,1,2,2,1,1,2,1,2,2,2,1,2,1,1,1,2,1,2,1,1,2,1,2,2,1,2,2,1,1,1,2,2,2,1,1,2,1,2,2,1,1,1,1,2,1,2,2,2,1,1,2,2,1,2,1,2,1,1,1,2,2,2,2,1,1,2,1,1,2,2,1,2,2,1,1,2,1,2,2,2,1,1,2,2,1,1,2,1,1,1,2,2,2,1,2,2,1,2,1,1,2,1,2,1,2,1,1,1,2,1,2,2,1,1,2,1,2,2,1,2,1,2,1,2,1,2,1,1,1,2,2,2,2,1,1,2,1,2,1,2,1,2,1,2,1,1,2,2,2,2,1,2,2,1,2,2,1,1,1,1,2,2,1,1,1,1,1,2,2,1,2,2,2,2,1,1,1,1,2,1,2,2,1,2,1,1,2,1,2,2,1,2,2,2,1,1,2,2,1,1,2,2,2,1,2,1,1,1,1,2,1,1,1,2,2,1,2,1,2,2,1,1,1,2,2,2,1,1,1,2,2,2,1,1,1,2,1,2,1,2,2,2,1,2,1,1,1,2,1,2,2,2,1,1,2,2,4.1
"78",2,2,1,2,2,1,2,1,1,2,1,1,2,2,2,1,2,1,2,2,1,1,1,1,2,1,1,1,2,2,2,1,2,1,1,2,1,1,2,1,2,2,2,1,2,1,1,2,1,1,2,1,2,2,1,2,2,1,1,2,2,1,1,2,2,1,2,2,2,1,1,1,1,2,1,2,1,1,1,2,2,1,2,2,2,1,2,1,2,2,1,2,1,2,1,1,2,1,1,1,1,2,1,2,1,2,2,2,1,1,2,1,1,2,2,2,2,1,1,2,2,2,1,2,1,1,1,2,1,2,1,2,1,1,1,1,2,2,1,2,2,1,2,2,1,2,2,1,2,1,1,2,2,1,2,1,2,1,2,1,1,2,1,2,2,2,1,1,1,1,2,2,2,1,2,2,2,1,1,1,1,2,2,2,2,2,1,1,1,2,1,1,2,1,1,2,2,1,2,2,1,1,2,1,2,2,1,1,2,2,1,2,1,1,2,1,2,2,1,2,1,1,2,1,2,1,2,1,2,2,2,2,1,2,1,2,1,1,1,1,1,1,2,1,2,1,2,2,1,2,2,1,2,1,2,1,1,1,1,2,2,1,2,2,2,2,2,1,1,1,2,1,2,1,2,1,1,2,2,2,1,1,1,2,1,2,1,2,1,2,1,1,2,1,2,2,1,2,2,1,1,2,1,1,2,2,1,2,2,1,2,1,4.1
"79",1,1,2,2,2,2,1,1,2,1,1,2,2,1,2,1,1,2,2,1,2,1,2,1,2,1,2,1,1,2,1,2,1,1,2,2,2,1,2,2,1,1,2,1,2,1,2,1,1,2,2,2,2,1,2,1,1,1,1,2,2,2,2,1,2,1,1,1,2,1,2,1,1,2,2,2,1,2,1,2,1,1,1,2,2,2,1,1,2,1,1,1,2,2,2,1,2,1,2,2,1,2,2,1,1,1,2,1,1,2,2,2,1,2,1,1,2,1,2,1,0,0,0,0,0,0,0,0,0,0,0,0,0,0,0,0,0,0,0,0,0,0,0,0,0,0,0,0,0,0,0,0,0,0,0,0,0,0,0,0,0,0,0,0,0,0,0,0,0,0,0,0,0,0,0,0,0,0,0,0,0,0,0,0,0,0,0,0,0,0,0,0,0,0,0,0,0,0,0,0,0,0,0,0,0,0,0,0,0,0,0,0,0,0,0,0,0,0,0,0,0,0,0,0,0,0,0,0,0,0,0,0,0,0,0,0,0,0,0,0,0,0,0,0,0,0,0,0,0,0,0,0,0,0,0,0,0,0,0,0,0,0,0,0,0,0,0,0,0,0,0,0,0,0,0,0,0,0,0,0,0,0,0,0,0,0,0,0,0,0,0,0,0,0,0,0,0,0,0,0,0,0,0,0,0,0,0,0,0,0,0,0,4.1
"80",1,1,2,2,2,1,2,1,1,1,2,2,1,1,2,2,1,1,2,2,2,1,2,1,1,1,1,1,1,2,2,2,2,2,1,2,1,2,1,1,1,2,1,1,2,2,2,2,2,2,1,1,2,2,1,2,1,2,1,1,2,2,1,1,2,2,1,1,2,1,1,2,1,1,2,2,2,2,2,1,2,1,1,1,1,1,1,2,2,2,1,2,2,1,2,1,2,1,2,1,2,1,1,1,1,2,2,2,1,1,2,2,1,1,2,1,2,2,1,2,1,2,2,2,1,2,1,2,1,1,2,1,2,1,1,1,1,2,2,2,1,2,2,1,1,1,1,2,2,1,2,2,1,1,2,2,2,2,1,1,1,1,2,2,2,1,2,1,2,2,1,2,2,1,1,1,2,2,1,1,2,2,1,1,2,1,2,1,1,1,2,2,2,1,1,2,1,1,2,1,1,2,2,2,2,1,1,2,2,1,1,2,1,2,2,1,2,1,2,1,1,2,1,1,2,2,2,1,2,1,1,2,2,2,1,2,2,1,1,1,1,2,1,2,1,1,2,2,1,2,1,2,2,1,2,2,2,1,2,1,1,1,1,2,2,1,1,2,1,1,1,2,2,1,2,2,1,1,2,1,2,2,2,1,2,1,2,1,2,1,2,2,1,2,2,1,1,2,1,1,2,2,1,2,2,1,1,1,2,1,2,1,4.1
"81",2,1,2,2,1,1,1,2,2,1,1,2,1,2,1,1,2,2,1,2,2,1,2,1,2,1,2,2,1,2,1,2,1,1,1,2,2,2,2,2,1,1,2,1,1,1,1,2,0,0,0,0,0,0,0,0,0,0,0,0,0,0,0,0,0,0,0,0,0,0,0,0,0,0,0,0,0,0,0,0,0,0,0,0,0,0,0,0,0,0,0,0,0,0,0,0,0,0,0,0,0,0,0,0,0,0,0,0,0,0,0,0,0,0,0,0,0,0,0,0,0,0,0,0,0,0,0,0,0,0,0,0,0,0,0,0,0,0,0,0,0,0,0,0,0,0,0,0,0,0,0,0,0,0,0,0,0,0,0,0,0,0,0,0,0,0,0,0,0,0,0,0,0,0,0,0,0,0,0,0,0,0,0,0,0,0,0,0,0,0,0,0,0,0,0,0,0,0,0,0,0,0,0,0,0,0,0,0,0,0,0,0,0,0,0,0,0,0,0,0,0,0,0,0,0,0,0,0,0,0,0,0,0,0,0,0,0,0,0,0,0,0,0,0,0,0,0,0,0,0,0,0,0,0,0,0,0,0,0,0,0,0,0,0,0,0,0,0,0,0,0,0,0,0,0,0,0,0,0,0,0,0,0,0,0,0,0,0,0,0,0,0,0,0,0,0,0,0,0,0,0,0,0,0,0,0,0,0,0,0,0,0,4.1
"82",1,2,1,1,1,1,1,2,2,2,2,2,2,2,1,2,2,1,1,1,2,1,1,2,1,2,1,1,1,1,2,2,2,2,1,2,2,2,1,1,2,2,1,2,1,1,2,1,1,1,2,1,2,2,1,2,2,1,2,1,1,2,2,1,2,2,1,2,1,2,1,1,0,0,0,0,0,0,0,0,0,0,0,0,0,0,0,0,0,0,0,0,0,0,0,0,0,0,0,0,0,0,0,0,0,0,0,0,0,0,0,0,0,0,0,0,0,0,0,0,0,0,0,0,0,0,0,0,0,0,0,0,0,0,0,0,0,0,0,0,0,0,0,0,0,0,0,0,0,0,0,0,0,0,0,0,0,0,0,0,0,0,0,0,0,0,0,0,0,0,0,0,0,0,0,0,0,0,0,0,0,0,0,0,0,0,0,0,0,0,0,0,0,0,0,0,0,0,0,0,0,0,0,0,0,0,0,0,0,0,0,0,0,0,0,0,0,0,0,0,0,0,0,0,0,0,0,0,0,0,0,0,0,0,0,0,0,0,0,0,0,0,0,0,0,0,0,0,0,0,0,0,0,0,0,0,0,0,0,0,0,0,0,0,0,0,0,0,0,0,0,0,0,0,0,0,0,0,0,0,0,0,0,0,0,0,0,0,0,0,0,0,0,0,0,0,0,0,0,0,0,0,0,0,0,0,0,0,0,0,0,0,4.1
"83",1,2,1,1,1,2,2,1,2,2,1,2,2,1,2,1,2,1,2,1,1,2,1,2,1,1,2,1,2,1,2,1,2,1,2,2,1,1,1,2,1,2,2,1,1,2,2,2,2,1,2,1,1,1,2,2,2,1,2,1,2,2,1,1,2,1,1,1,2,2,1,2,2,2,2,1,2,1,1,1,1,2,1,2,2,2,1,1,1,2,2,2,2,1,1,1,0,0,0,0,0,0,0,0,0,0,0,0,0,0,0,0,0,0,0,0,0,0,0,0,0,0,0,0,0,0,0,0,0,0,0,0,0,0,0,0,0,0,0,0,0,0,0,0,0,0,0,0,0,0,0,0,0,0,0,0,0,0,0,0,0,0,0,0,0,0,0,0,0,0,0,0,0,0,0,0,0,0,0,0,0,0,0,0,0,0,0,0,0,0,0,0,0,0,0,0,0,0,0,0,0,0,0,0,0,0,0,0,0,0,0,0,0,0,0,0,0,0,0,0,0,0,0,0,0,0,0,0,0,0,0,0,0,0,0,0,0,0,0,0,0,0,0,0,0,0,0,0,0,0,0,0,0,0,0,0,0,0,0,0,0,0,0,0,0,0,0,0,0,0,0,0,0,0,0,0,0,0,0,0,0,0,0,0,0,0,0,0,0,0,0,0,0,0,0,0,0,0,0,0,0,0,0,0,0,0,0,0,0,0,0,0,4.1
"84",2,2,2,2,1,2,1,2,1,1,1,1,1,2,1,2,2,1,2,2,1,2,1,1,2,2,1,2,2,2,1,1,1,1,2,1,2,1,1,1,2,1,2,2,1,2,1,2,0,0,0,0,0,0,0,0,0,0,0,0,0,0,0,0,0,0,0,0,0,0,0,0,0,0,0,0,0,0,0,0,0,0,0,0,0,0,0,0,0,0,0,0,0,0,0,0,0,0,0,0,0,0,0,0,0,0,0,0,0,0,0,0,0,0,0,0,0,0,0,0,0,0,0,0,0,0,0,0,0,0,0,0,0,0,0,0,0,0,0,0,0,0,0,0,0,0,0,0,0,0,0,0,0,0,0,0,0,0,0,0,0,0,0,0,0,0,0,0,0,0,0,0,0,0,0,0,0,0,0,0,0,0,0,0,0,0,0,0,0,0,0,0,0,0,0,0,0,0,0,0,0,0,0,0,0,0,0,0,0,0,0,0,0,0,0,0,0,0,0,0,0,0,0,0,0,0,0,0,0,0,0,0,0,0,0,0,0,0,0,0,0,0,0,0,0,0,0,0,0,0,0,0,0,0,0,0,0,0,0,0,0,0,0,0,0,0,0,0,0,0,0,0,0,0,0,0,0,0,0,0,0,0,0,0,0,0,0,0,0,0,0,0,0,0,0,0,0,0,0,0,0,0,0,0,0,0,0,0,0,0,0,0,4.1
